tenantId,siteCode,gatewayCode,plcCode,secuencia,nivelEstanquePorcentaje,nivelEstanqueMetros,volumenEstanqueLitros,bomba1Activa,bomba2Activa,booster1Activo,booster2Activo,valvulaEntradaAbierta,valvulaSalidaAbierta,modoOperacion,controlRemotoHabilitado,plcEnLinea,nubeConectada,tipoWan,latenciaMs,fechaLectura
1,RECINTO_01,GW-SAN,PLC-01,20000,64.63,3.23,323128,False,False,True,False,False,True,AUTO,True,True,True,STARLINK,71,2026-05-10T19:18:26Z
2,RECINTO_01,GW-LOS,PLC-01,30000,36.72,1.29,91807,True,False,True,False,True,True,AUTO,True,True,True,STARLINK,73,2026-05-10T19:18:26Z
3,RECINTO_01,GW-VALLE,PLC-01,40000,84.16,3.37,84160,False,False,True,False,False,True,AUTO,True,True,True,STARLINK,83,2026-05-10T19:18:26Z
1,RECINTO_01,GW-SAN,PLC-01,20001,64.23,3.21,321174,False,False,True,False,False,True,AUTO,True,True,True,STARLINK,88,2026-05-10T19:28:26Z
2,RECINTO_01,GW-LOS,PLC-01,30001,38.53,1.35,96325,True,False,True,False,True,True,AUTO,True,True,True,STARLINK,69,2026-05-10T19:28:26Z
3,RECINTO_01,GW-VALLE,PLC-01,40001,83.31,3.33,83306,False,False,True,False,False,True,AUTO,True,True,True,STARLINK,76,2026-05-10T19:28:26Z
1,RECINTO_01,GW-SAN,PLC-01,20002,63.79,3.19,318959,False,False,True,False,False,True,AUTO,True,True,True,STARLINK,85,2026-05-10T19:38:26Z
2,RECINTO_01,GW-LOS,PLC-01,30002,40.26,1.41,100646,True,False,True,False,True,True,AUTO,True,True,True,STARLINK,72,2026-05-10T19:38:26Z
3,RECINTO_01,GW-VALLE,PLC-01,40002,82.53,3.3,82529,False,False,True,False,False,True,AUTO,True,True,True,STARLINK,71,2026-05-10T19:38:26Z
1,RECINTO_01,GW-SAN,PLC-01,20003,63.36,3.17,316803,False,False,True,False,False,True,AUTO,True,True,True,STARLINK,77,2026-05-10T19:48:26Z
2,RECINTO_01,GW-LOS,PLC-01,30003,41.98,1.47,104941,True,False,True,False,True,True,AUTO,True,True,True,STARLINK,55,2026-05-10T19:48:26Z
3,RECINTO_01,GW-VALLE,PLC-01,40003,81.71,3.27,81711,False,False,True,False,False,True,AUTO,True,True,True,STARLINK,38,2026-05-10T19:48:26Z
1,RECINTO_01,GW-SAN,PLC-01,20004,62.97,3.15,314831,False,False,True,False,False,True,AUTO,True,True,True,STARLINK,55,2026-05-10T19:58:26Z
2,RECINTO_01,GW-LOS,PLC-01,30004,43.76,1.53,109396,True,False,True,False,True,True,AUTO,True,True,True,STARLINK,37,2026-05-10T19:58:26Z
3,RECINTO_01,GW-VALLE,PLC-01,40004,80.84,3.23,80841,False,False,True,False,False,True,AUTO,True,True,True,STARLINK,74,2026-05-10T19:58:26Z
1,RECINTO_01,GW-SAN,PLC-01,20005,62.64,3.13,313191,False,False,True,False,False,True,AUTO,True,True,True,STARLINK,62,2026-05-10T20:08:26Z
2,RECINTO_01,GW-LOS,PLC-01,30005,45.64,1.6,114092,True,False,True,False,True,True,AUTO,True,True,True,STARLINK,62,2026-05-10T20:08:26Z
3,RECINTO_01,GW-VALLE,PLC-01,40005,80.06,3.2,80064,False,False,True,False,False,True,AUTO,True,True,True,STARLINK,99,2026-05-10T20:08:26Z
1,RECINTO_01,GW-SAN,PLC-01,20006,62.19,3.11,310973,False,False,True,False,False,True,AUTO,True,True,True,STARLINK,88,2026-05-10T20:18:26Z
2,RECINTO_01,GW-LOS,PLC-01,30006,47.5,1.66,118751,True,False,True,False,True,True,AUTO,True,True,True,STARLINK,33,2026-05-10T20:18:26Z
3,RECINTO_01,GW-VALLE,PLC-01,40006,79.27,3.17,79268,False,False,True,False,False,True,AUTO,True,True,True,STARLINK,61,2026-05-10T20:18:26Z
1,RECINTO_01,GW-SAN,PLC-01,20007,61.84,3.09,309184,False,False,True,False,False,True,AUTO,True,True,True,STARLINK,74,2026-05-10T20:28:26Z
2,RECINTO_01,GW-LOS,PLC-01,30007,49.38,1.73,123443,True,False,True,False,True,True,AUTO,True,True,True,STARLINK,67,2026-05-10T20:28:26Z
3,RECINTO_01,GW-VALLE,PLC-01,40007,78.28,3.13,78283,False,False,True,False,False,True,AUTO,True,True,True,STARLINK,62,2026-05-10T20:28:26Z
1,RECINTO_01,GW-SAN,PLC-01,20008,61.49,3.07,307430,False,False,True,False,False,True,AUTO,True,True,True,STARLINK,64,2026-05-10T20:38:26Z
2,RECINTO_01,GW-LOS,PLC-01,30008,51.08,1.79,127697,True,False,True,False,True,True,AUTO,True,True,True,STARLINK,66,2026-05-10T20:38:26Z
3,RECINTO_01,GW-VALLE,PLC-01,40008,77.53,3.1,77528,False,False,True,False,False,True,AUTO,True,True,True,STARLINK,56,2026-05-10T20:38:26Z
1,RECINTO_01,GW-SAN,PLC-01,20009,61.16,3.06,305794,False,False,True,False,False,True,AUTO,True,True,True,STARLINK,63,2026-05-10T20:48:26Z
2,RECINTO_01,GW-LOS,PLC-01,30009,52.78,1.85,131961,True,False,True,False,True,True,AUTO,True,True,True,STARLINK,79,2026-05-10T20:48:26Z
3,RECINTO_01,GW-VALLE,PLC-01,40009,76.63,3.07,76628,False,False,True,False,False,True,AUTO,True,True,True,STARLINK,81,2026-05-10T20:48:26Z
1,RECINTO_01,GW-SAN,PLC-01,20010,60.67,3.03,303359,False,False,True,False,False,True,AUTO,True,True,True,STARLINK,65,2026-05-10T20:58:26Z
2,RECINTO_01,GW-LOS,PLC-01,30010,54.52,1.91,136289,True,False,True,False,True,True,AUTO,True,True,True,STARLINK,72,2026-05-10T20:58:26Z
3,RECINTO_01,GW-VALLE,PLC-01,40010,75.81,3.03,75808,False,False,True,False,False,True,AUTO,True,True,True,STARLINK,71,2026-05-10T20:58:26Z
1,RECINTO_01,GW-SAN,PLC-01,20011,60.23,3.01,301133,False,False,True,False,False,True,AUTO,True,True,True,STARLINK,75,2026-05-10T21:08:26Z
2,RECINTO_01,GW-LOS,PLC-01,30011,56.24,1.97,140591,True,False,True,False,True,True,AUTO,True,True,True,STARLINK,87,2026-05-10T21:08:26Z
3,RECINTO_01,GW-VALLE,PLC-01,40011,74.84,2.99,74842,False,False,True,False,False,True,AUTO,True,True,True,STARLINK,73,2026-05-10T21:08:26Z
1,RECINTO_01,GW-SAN,PLC-01,20012,59.79,2.99,298970,False,False,True,False,False,True,AUTO,True,True,True,STARLINK,49,2026-05-10T21:18:26Z
2,RECINTO_01,GW-LOS,PLC-01,30012,58.09,2.03,145219,True,False,True,False,True,True,AUTO,True,True,True,STARLINK,61,2026-05-10T21:18:26Z
3,RECINTO_01,GW-VALLE,PLC-01,40012,74.04,2.96,74040,False,False,True,False,False,True,AUTO,True,True,True,STARLINK,91,2026-05-10T21:18:26Z
1,RECINTO_01,GW-SAN,PLC-01,20013,59.51,2.98,297530,False,False,True,False,False,True,AUTO,True,True,True,STARLINK,58,2026-05-10T21:28:26Z
2,RECINTO_01,GW-LOS,PLC-01,30013,59.84,2.09,149612,True,False,True,False,True,True,AUTO,True,True,True,STARLINK,91,2026-05-10T21:28:26Z
3,RECINTO_01,GW-VALLE,PLC-01,40013,73.24,2.93,73239,False,False,True,False,False,True,AUTO,True,True,True,STARLINK,29,2026-05-10T21:28:26Z
1,RECINTO_01,GW-SAN,PLC-01,20014,59.01,2.95,295058,False,False,True,False,False,True,AUTO,True,True,True,STARLINK,69,2026-05-10T21:38:26Z
2,RECINTO_01,GW-LOS,PLC-01,30014,61.58,2.16,153954,True,False,True,False,True,True,AUTO,True,True,True,STARLINK,55,2026-05-10T21:38:26Z
3,RECINTO_01,GW-VALLE,PLC-01,40014,72.31,2.89,72307,False,False,True,False,False,True,AUTO,True,True,True,STARLINK,70,2026-05-10T21:38:26Z
1,RECINTO_01,GW-SAN,PLC-01,20015,58.54,2.93,292716,False,False,True,False,False,True,AUTO,True,True,True,STARLINK,78,2026-05-10T21:48:26Z
2,RECINTO_01,GW-LOS,PLC-01,30015,63.48,2.22,158697,True,False,True,False,True,True,AUTO,True,True,True,STARLINK,98,2026-05-10T21:48:26Z
3,RECINTO_01,GW-VALLE,PLC-01,40015,71.39,2.86,71389,False,False,True,False,False,True,AUTO,True,True,True,STARLINK,86,2026-05-10T21:48:26Z
1,RECINTO_01,GW-SAN,PLC-01,20016,58.21,2.91,291029,False,False,True,False,False,True,AUTO,True,True,True,STARLINK,95,2026-05-10T21:58:26Z
2,RECINTO_01,GW-LOS,PLC-01,30016,65.29,2.29,163222,True,False,True,False,True,True,AUTO,True,True,True,STARLINK,74,2026-05-10T21:58:26Z
3,RECINTO_01,GW-VALLE,PLC-01,40016,70.47,2.82,70468,False,False,True,False,False,True,AUTO,True,True,True,STARLINK,72,2026-05-10T21:58:26Z
1,RECINTO_01,GW-SAN,PLC-01,20017,57.84,2.89,289208,False,False,True,False,False,True,AUTO,True,True,True,STARLINK,81,2026-05-10T22:08:26Z
2,RECINTO_01,GW-LOS,PLC-01,30017,67.0,2.34,167491,True,False,True,False,True,True,AUTO,True,True,True,STARLINK,44,2026-05-10T22:08:26Z
3,RECINTO_01,GW-VALLE,PLC-01,40017,69.7,2.79,69697,False,False,True,False,False,True,AUTO,True,True,True,STARLINK,81,2026-05-10T22:08:26Z
1,RECINTO_01,GW-SAN,PLC-01,20018,57.54,2.88,287721,False,False,True,False,False,True,AUTO,True,True,True,STARLINK,70,2026-05-10T22:18:26Z
2,RECINTO_01,GW-LOS,PLC-01,30018,68.74,2.41,171848,True,False,True,False,True,True,AUTO,True,True,True,STARLINK,87,2026-05-10T22:18:26Z
3,RECINTO_01,GW-VALLE,PLC-01,40018,68.8,2.75,68801,False,False,True,False,False,True,AUTO,True,True,True,STARLINK,56,2026-05-10T22:18:26Z
1,RECINTO_01,GW-SAN,PLC-01,20019,57.18,2.86,285907,False,False,True,False,False,True,AUTO,True,True,True,STARLINK,60,2026-05-10T22:28:26Z
2,RECINTO_01,GW-LOS,PLC-01,30019,70.59,2.47,176478,True,False,True,False,True,True,AUTO,True,True,True,STARLINK,36,2026-05-10T22:28:26Z
3,RECINTO_01,GW-VALLE,PLC-01,40019,68.0,2.72,67997,False,False,True,False,False,True,AUTO,True,True,True,STARLINK,63,2026-05-10T22:28:26Z
1,RECINTO_01,GW-SAN,PLC-01,20020,56.75,2.84,283731,False,False,True,False,False,True,AUTO,True,True,True,STARLINK,73,2026-05-10T22:38:26Z
2,RECINTO_01,GW-LOS,PLC-01,30020,72.4,2.53,181004,True,False,True,False,True,True,AUTO,True,True,True,STARLINK,65,2026-05-10T22:38:26Z
3,RECINTO_01,GW-VALLE,PLC-01,40020,67.14,2.69,67138,False,False,True,False,False,True,AUTO,True,True,True,STARLINK,62,2026-05-10T22:38:26Z
1,RECINTO_01,GW-SAN,PLC-01,20021,56.49,2.82,282474,False,False,True,False,False,True,AUTO,True,True,True,STARLINK,56,2026-05-10T22:48:26Z
2,RECINTO_01,GW-LOS,PLC-01,30021,74.12,2.59,185307,True,False,True,False,True,True,AUTO,True,True,True,STARLINK,49,2026-05-10T22:48:26Z
3,RECINTO_01,GW-VALLE,PLC-01,40021,66.16,2.65,66164,False,False,True,False,False,True,AUTO,True,True,True,STARLINK,62,2026-05-10T22:48:26Z
1,RECINTO_01,GW-SAN,PLC-01,20022,56.16,2.81,280804,False,False,True,False,False,True,AUTO,True,True,True,STARLINK,74,2026-05-10T22:58:26Z
2,RECINTO_01,GW-LOS,PLC-01,30022,75.99,2.66,189977,True,False,True,False,True,True,AUTO,True,True,True,STARLINK,81,2026-05-10T22:58:26Z
3,RECINTO_01,GW-VALLE,PLC-01,40022,65.32,2.61,65322,False,False,True,False,False,True,AUTO,True,True,True,STARLINK,82,2026-05-10T22:58:26Z
1,RECINTO_01,GW-SAN,PLC-01,20023,55.67,2.78,278364,False,False,True,False,False,True,AUTO,True,True,True,STARLINK,49,2026-05-10T23:08:26Z
2,RECINTO_01,GW-LOS,PLC-01,30023,77.77,2.72,194431,True,False,True,False,True,True,AUTO,True,True,True,STARLINK,61,2026-05-10T23:08:26Z
3,RECINTO_01,GW-VALLE,PLC-01,40023,64.52,2.58,64521,False,False,True,False,False,True,AUTO,True,True,True,STARLINK,81,2026-05-10T23:08:26Z
1,RECINTO_01,GW-SAN,PLC-01,20024,55.22,2.76,276110,False,False,True,False,False,True,AUTO,True,True,True,STARLINK,94,2026-05-10T23:18:26Z
2,RECINTO_01,GW-LOS,PLC-01,30024,79.62,2.79,199048,True,False,True,False,True,True,AUTO,True,True,True,STARLINK,66,2026-05-10T23:18:26Z
3,RECINTO_01,GW-VALLE,PLC-01,40024,63.71,2.55,63712,False,False,True,False,False,True,AUTO,True,True,True,STARLINK,92,2026-05-10T23:18:26Z
1,RECINTO_01,GW-SAN,PLC-01,20025,54.77,2.74,273859,False,False,True,False,False,True,AUTO,True,True,True,STARLINK,77,2026-05-10T23:28:26Z
2,RECINTO_01,GW-LOS,PLC-01,30025,81.34,2.85,203352,True,False,True,False,True,True,AUTO,True,True,True,STARLINK,66,2026-05-10T23:28:26Z
3,RECINTO_01,GW-VALLE,PLC-01,40025,62.95,2.52,62949,False,False,True,False,False,True,AUTO,True,True,True,STARLINK,83,2026-05-10T23:28:26Z
1,RECINTO_01,GW-SAN,PLC-01,20026,54.43,2.72,272137,False,False,True,False,False,True,AUTO,True,True,True,STARLINK,87,2026-05-10T23:38:26Z
2,RECINTO_01,GW-LOS,PLC-01,30026,83.15,2.91,207862,True,False,True,False,True,True,AUTO,True,True,True,STARLINK,72,2026-05-10T23:38:26Z
3,RECINTO_01,GW-VALLE,PLC-01,40026,61.97,2.48,61966,False,False,True,False,False,True,AUTO,True,True,True,STARLINK,81,2026-05-10T23:38:26Z
1,RECINTO_01,GW-SAN,PLC-01,20027,54.02,2.7,270075,False,False,True,False,False,True,AUTO,True,True,True,STARLINK,46,2026-05-10T23:48:26Z
2,RECINTO_01,GW-LOS,PLC-01,30027,84.88,2.97,212201,True,False,True,False,True,True,AUTO,True,True,True,STARLINK,76,2026-05-10T23:48:26Z
3,RECINTO_01,GW-VALLE,PLC-01,40027,61.1,2.44,61103,False,False,True,False,False,True,AUTO,True,True,True,STARLINK,43,2026-05-10T23:48:26Z
1,RECINTO_01,GW-SAN,PLC-01,20028,53.55,2.68,267762,False,False,True,False,False,True,AUTO,True,True,True,STARLINK,82,2026-05-10T23:58:26Z
2,RECINTO_01,GW-LOS,PLC-01,30028,86.59,3.03,216465,True,False,True,False,True,True,AUTO,True,True,True,STARLINK,46,2026-05-10T23:58:26Z
3,RECINTO_01,GW-VALLE,PLC-01,40028,60.13,2.41,60125,False,False,True,False,False,True,AUTO,True,True,True,STARLINK,43,2026-05-10T23:58:26Z
1,RECINTO_01,GW-SAN,PLC-01,20029,53.22,2.66,266119,False,False,True,False,False,True,AUTO,True,True,True,STARLINK,76,2026-05-11T00:08:26Z
2,RECINTO_01,GW-LOS,PLC-01,30029,88.29,3.09,220731,True,False,True,False,True,True,AUTO,True,True,True,STARLINK,88,2026-05-11T00:08:26Z
3,RECINTO_01,GW-VALLE,PLC-01,40029,59.22,2.37,59219,False,False,True,False,False,True,AUTO,True,True,True,STARLINK,65,2026-05-11T00:08:26Z
1,RECINTO_01,GW-SAN,PLC-01,20030,52.76,2.64,263785,False,False,True,False,False,True,AUTO,True,True,True,STARLINK,69,2026-05-11T00:18:26Z
2,RECINTO_01,GW-LOS,PLC-01,30030,90.17,3.16,225414,True,False,True,False,True,True,AUTO,True,True,True,STARLINK,58,2026-05-11T00:18:26Z
3,RECINTO_01,GW-VALLE,PLC-01,40030,58.41,2.34,58408,False,False,True,False,False,True,AUTO,True,True,True,STARLINK,58,2026-05-11T00:18:26Z
1,RECINTO_01,GW-SAN,PLC-01,20031,52.38,2.62,261883,False,False,True,False,False,True,AUTO,True,True,True,STARLINK,51,2026-05-11T00:28:26Z
2,RECINTO_01,GW-LOS,PLC-01,30031,91.91,3.22,229769,True,False,True,False,True,True,AUTO,True,True,True,STARLINK,88,2026-05-11T00:28:26Z
3,RECINTO_01,GW-VALLE,PLC-01,40031,57.59,2.3,57589,False,False,True,False,False,True,AUTO,True,True,True,STARLINK,75,2026-05-11T00:28:26Z
1,RECINTO_01,GW-SAN,PLC-01,20032,52.09,2.6,260462,False,False,True,False,False,True,AUTO,True,True,True,STARLINK,66,2026-05-11T00:38:26Z
2,RECINTO_01,GW-LOS,PLC-01,30032,93.65,3.28,234132,True,False,True,False,True,True,AUTO,True,True,True,STARLINK,67,2026-05-11T00:38:26Z
3,RECINTO_01,GW-VALLE,PLC-01,40032,56.67,2.27,56668,False,False,True,False,False,True,AUTO,True,True,True,STARLINK,56,2026-05-11T00:38:26Z
1,RECINTO_01,GW-SAN,PLC-01,20033,51.61,2.58,258073,False,False,True,False,False,True,AUTO,True,True,True,STARLINK,68,2026-05-11T00:48:26Z
2,RECINTO_01,GW-LOS,PLC-01,30033,95.43,3.34,238579,False,False,True,False,False,True,AUTO,True,True,True,STARLINK,57,2026-05-11T00:48:26Z
3,RECINTO_01,GW-VALLE,PLC-01,40033,55.82,2.23,55817,False,False,True,False,False,True,AUTO,True,True,True,STARLINK,86,2026-05-11T00:48:26Z
1,RECINTO_01,GW-SAN,PLC-01,20034,51.19,2.56,255946,False,False,True,False,False,True,AUTO,True,True,True,STARLINK,68,2026-05-11T00:58:26Z
2,RECINTO_01,GW-LOS,PLC-01,30034,94.81,3.32,237031,False,False,True,False,False,True,AUTO,True,True,True,STARLINK,75,2026-05-11T00:58:26Z
3,RECINTO_01,GW-VALLE,PLC-01,40034,54.83,2.19,54826,False,False,True,False,False,True,AUTO,True,True,True,STARLINK,92,2026-05-11T00:58:26Z
1,RECINTO_01,GW-SAN,PLC-01,20035,50.93,2.55,254635,False,False,True,False,False,True,AUTO,True,True,True,STARLINK,80,2026-05-11T01:08:26Z
2,RECINTO_01,GW-LOS,PLC-01,30035,94.33,3.3,235828,False,False,True,False,False,True,AUTO,True,True,True,STARLINK,72,2026-05-11T01:08:26Z
3,RECINTO_01,GW-VALLE,PLC-01,40035,53.99,2.16,53986,False,False,True,False,False,True,AUTO,True,True,True,STARLINK,51,2026-05-11T01:08:26Z
1,RECINTO_01,GW-SAN,PLC-01,20036,50.6,2.53,253007,False,False,True,False,False,True,AUTO,True,True,True,STARLINK,64,2026-05-11T01:18:26Z
2,RECINTO_01,GW-LOS,PLC-01,30036,93.83,3.28,234574,False,False,True,False,False,True,AUTO,True,True,True,STARLINK,84,2026-05-11T01:18:26Z
3,RECINTO_01,GW-VALLE,PLC-01,40036,53.08,2.12,53079,False,False,True,False,False,True,AUTO,True,True,True,STARLINK,83,2026-05-11T01:18:26Z
1,RECINTO_01,GW-SAN,PLC-01,20037,50.15,2.51,250726,False,False,True,False,False,True,AUTO,True,True,True,STARLINK,63,2026-05-11T01:28:26Z
2,RECINTO_01,GW-LOS,PLC-01,30037,93.2,3.26,233007,False,False,True,False,False,True,AUTO,True,True,True,STARLINK,63,2026-05-11T01:28:26Z
3,RECINTO_01,GW-VALLE,PLC-01,40037,52.2,2.09,52197,False,False,True,False,False,True,AUTO,True,True,True,STARLINK,77,2026-05-11T01:28:26Z
1,RECINTO_01,GW-SAN,PLC-01,20038,49.8,2.49,248988,False,False,True,False,False,True,AUTO,True,True,True,STARLINK,60,2026-05-11T01:38:26Z
2,RECINTO_01,GW-LOS,PLC-01,30038,92.64,3.24,231605,False,False,True,False,False,True,AUTO,True,True,True,STARLINK,63,2026-05-11T01:38:26Z
3,RECINTO_01,GW-VALLE,PLC-01,40038,51.23,2.05,51226,False,False,True,False,False,True,AUTO,True,True,True,STARLINK,60,2026-05-11T01:38:26Z
1,RECINTO_01,GW-SAN,PLC-01,20039,49.47,2.47,247363,False,False,True,False,False,True,AUTO,True,True,True,STARLINK,71,2026-05-11T01:48:26Z
2,RECINTO_01,GW-LOS,PLC-01,30039,92.15,3.23,230375,False,False,True,False,False,True,AUTO,True,True,True,STARLINK,85,2026-05-11T01:48:26Z
3,RECINTO_01,GW-VALLE,PLC-01,40039,50.35,2.01,50347,False,False,True,False,False,True,AUTO,True,True,True,STARLINK,64,2026-05-11T01:48:26Z
1,RECINTO_01,GW-SAN,PLC-01,20040,49.11,2.46,245536,False,False,True,False,False,True,AUTO,True,True,True,STARLINK,83,2026-05-11T01:58:26Z
2,RECINTO_01,GW-LOS,PLC-01,30040,91.48,3.2,228704,False,False,True,False,False,True,AUTO,True,True,True,STARLINK,79,2026-05-11T01:58:26Z
3,RECINTO_01,GW-VALLE,PLC-01,40040,49.41,1.98,49414,False,False,True,False,False,True,AUTO,True,True,True,STARLINK,79,2026-05-11T01:58:26Z
1,RECINTO_01,GW-SAN,PLC-01,20041,48.68,2.43,243391,False,False,True,False,False,True,AUTO,True,True,True,STARLINK,93,2026-05-11T02:08:26Z
2,RECINTO_01,GW-LOS,PLC-01,30041,90.95,3.18,227377,False,False,True,False,False,True,AUTO,True,True,True,STARLINK,66,2026-05-11T02:08:26Z
3,RECINTO_01,GW-VALLE,PLC-01,40041,48.48,1.94,48484,False,False,True,False,False,True,AUTO,True,True,True,STARLINK,77,2026-05-11T02:08:26Z
1,RECINTO_01,GW-SAN,PLC-01,20042,48.29,2.41,241463,False,False,True,False,False,True,AUTO,True,True,True,STARLINK,79,2026-05-11T02:18:26Z
2,RECINTO_01,GW-LOS,PLC-01,30042,90.45,3.17,226115,False,False,True,False,False,True,AUTO,True,True,True,STARLINK,47,2026-05-11T02:18:26Z
3,RECINTO_01,GW-VALLE,PLC-01,40042,47.52,1.9,47518,False,False,True,False,False,True,AUTO,True,True,True,STARLINK,69,2026-05-11T02:18:26Z
1,RECINTO_01,GW-SAN,PLC-01,20043,47.82,2.39,239077,False,False,True,False,False,True,AUTO,True,True,True,STARLINK,59,2026-05-11T02:28:26Z
2,RECINTO_01,GW-LOS,PLC-01,30043,89.96,3.15,224905,False,False,True,False,False,True,AUTO,True,True,True,STARLINK,84,2026-05-11T02:28:26Z
3,RECINTO_01,GW-VALLE,PLC-01,40043,46.72,1.87,46715,False,False,True,False,False,True,AUTO,True,True,True,STARLINK,91,2026-05-11T02:28:26Z
1,RECINTO_01,GW-SAN,PLC-01,20044,47.5,2.37,237481,False,False,True,False,False,True,AUTO,True,True,True,STARLINK,71,2026-05-11T02:38:26Z
2,RECINTO_01,GW-LOS,PLC-01,30044,89.45,3.13,223634,False,False,True,False,False,True,AUTO,True,True,True,STARLINK,64,2026-05-11T02:38:26Z
3,RECINTO_01,GW-VALLE,PLC-01,40044,45.94,1.84,45941,False,False,True,False,False,True,AUTO,True,True,True,STARLINK,63,2026-05-11T02:38:26Z
1,RECINTO_01,GW-SAN,PLC-01,20045,47.12,2.36,235593,False,False,True,False,False,True,AUTO,True,True,True,STARLINK,59,2026-05-11T02:48:26Z
2,RECINTO_01,GW-LOS,PLC-01,30045,88.93,3.11,222319,False,False,True,False,False,True,AUTO,True,True,True,STARLINK,69,2026-05-11T02:48:26Z
3,RECINTO_01,GW-VALLE,PLC-01,40045,45.07,1.8,45071,False,False,True,False,False,True,AUTO,True,True,True,STARLINK,86,2026-05-11T02:48:26Z
1,RECINTO_01,GW-SAN,PLC-01,20046,46.69,2.33,233453,False,False,True,False,False,True,AUTO,True,True,True,STARLINK,44,2026-05-11T02:58:26Z
2,RECINTO_01,GW-LOS,PLC-01,30046,88.33,3.09,220826,False,False,True,False,False,True,AUTO,True,True,True,STARLINK,83,2026-05-11T02:58:26Z
3,RECINTO_01,GW-VALLE,PLC-01,40046,44.15,1.77,44145,False,False,True,False,False,True,AUTO,True,True,True,STARLINK,57,2026-05-11T02:58:26Z
1,RECINTO_01,GW-SAN,PLC-01,20047,46.27,2.31,231344,False,False,True,False,False,True,AUTO,True,True,True,STARLINK,55,2026-05-11T03:08:26Z
2,RECINTO_01,GW-LOS,PLC-01,30047,87.8,3.07,219488,False,False,True,False,False,True,AUTO,True,True,True,STARLINK,66,2026-05-11T03:08:26Z
3,RECINTO_01,GW-VALLE,PLC-01,40047,43.23,1.73,43228,False,False,True,False,False,True,AUTO,True,True,True,STARLINK,50,2026-05-11T03:08:26Z
1,RECINTO_01,GW-SAN,PLC-01,20048,45.93,2.3,229634,False,False,True,False,False,True,AUTO,True,True,True,STARLINK,84,2026-05-11T03:18:26Z
2,RECINTO_01,GW-LOS,PLC-01,30048,87.17,3.05,217930,False,False,True,False,False,True,AUTO,True,True,True,STARLINK,86,2026-05-11T03:18:26Z
3,RECINTO_01,GW-VALLE,PLC-01,40048,42.37,1.69,42365,False,False,True,False,False,True,AUTO,True,True,True,STARLINK,90,2026-05-11T03:18:26Z
1,RECINTO_01,GW-SAN,PLC-01,20049,45.55,2.28,227738,False,False,True,False,False,True,AUTO,True,True,True,STARLINK,81,2026-05-11T03:28:26Z
2,RECINTO_01,GW-LOS,PLC-01,30049,86.71,3.03,216782,False,False,True,False,False,True,AUTO,True,True,True,STARLINK,86,2026-05-11T03:28:26Z
3,RECINTO_01,GW-VALLE,PLC-01,40049,41.58,1.66,41581,False,False,True,False,False,True,AUTO,True,True,True,STARLINK,88,2026-05-11T03:28:26Z
1,RECINTO_01,GW-SAN,PLC-01,20050,45.24,2.26,226198,False,False,True,False,False,True,AUTO,True,True,True,STARLINK,77,2026-05-11T03:38:26Z
2,RECINTO_01,GW-LOS,PLC-01,30050,86.2,3.02,215497,False,False,True,False,False,True,AUTO,True,True,True,STARLINK,64,2026-05-11T03:38:26Z
3,RECINTO_01,GW-VALLE,PLC-01,40050,40.79,1.63,40790,False,False,True,False,False,True,AUTO,True,True,True,STARLINK,67,2026-05-11T03:38:26Z
1,RECINTO_01,GW-SAN,PLC-01,20051,44.79,2.24,223937,False,False,True,False,False,True,AUTO,True,True,True,STARLINK,73,2026-05-11T03:48:26Z
2,RECINTO_01,GW-LOS,PLC-01,30051,85.59,3.0,213981,False,False,True,False,False,True,AUTO,True,True,True,STARLINK,72,2026-05-11T03:48:26Z
3,RECINTO_01,GW-VALLE,PLC-01,40051,39.91,1.6,39913,False,False,True,False,False,True,AUTO,True,True,True,STARLINK,83,2026-05-11T03:48:26Z
1,RECINTO_01,GW-SAN,PLC-01,20052,44.32,2.22,221622,False,False,True,False,False,True,AUTO,True,True,True,STARLINK,47,2026-05-11T03:58:26Z
2,RECINTO_01,GW-LOS,PLC-01,30052,84.95,2.97,212367,False,False,True,False,False,True,AUTO,True,True,True,STARLINK,66,2026-05-11T03:58:26Z
3,RECINTO_01,GW-VALLE,PLC-01,40052,38.96,1.56,38957,False,False,True,False,False,True,AUTO,True,True,True,STARLINK,53,2026-05-11T03:58:26Z
1,RECINTO_01,GW-SAN,PLC-01,20053,44.01,2.2,220068,False,False,True,False,False,True,AUTO,True,True,True,STARLINK,98,2026-05-11T04:08:26Z
2,RECINTO_01,GW-LOS,PLC-01,30053,84.37,2.95,210933,False,False,True,False,False,True,AUTO,True,True,True,STARLINK,53,2026-05-11T04:08:26Z
3,RECINTO_01,GW-VALLE,PLC-01,40053,38.07,1.52,38065,False,False,True,False,False,True,AUTO,True,True,True,STARLINK,74,2026-05-11T04:08:26Z
1,RECINTO_01,GW-SAN,PLC-01,20054,43.73,2.19,218661,False,False,True,False,False,True,AUTO,True,True,True,STARLINK,79,2026-05-11T04:18:26Z
2,RECINTO_01,GW-LOS,PLC-01,30054,83.71,2.93,209275,False,False,True,False,False,True,AUTO,True,True,True,STARLINK,61,2026-05-11T04:18:26Z
3,RECINTO_01,GW-VALLE,PLC-01,40054,37.11,1.48,37110,False,False,True,False,False,True,AUTO,True,True,True,STARLINK,58,2026-05-11T04:18:26Z
1,RECINTO_01,GW-SAN,PLC-01,20055,43.45,2.17,217234,False,False,True,False,False,True,AUTO,True,True,True,STARLINK,75,2026-05-11T04:28:26Z
2,RECINTO_01,GW-LOS,PLC-01,30055,83.02,2.91,207554,False,False,True,False,False,True,AUTO,True,True,True,STARLINK,83,2026-05-11T04:28:26Z
3,RECINTO_01,GW-VALLE,PLC-01,40055,36.14,1.45,36142,False,False,True,False,False,True,AUTO,True,True,True,STARLINK,71,2026-05-11T04:28:26Z
1,RECINTO_01,GW-SAN,PLC-01,20056,43.01,2.15,215068,False,False,True,False,False,True,AUTO,True,True,True,STARLINK,84,2026-05-11T04:38:26Z
2,RECINTO_01,GW-LOS,PLC-01,30056,82.56,2.89,206412,False,False,True,False,False,True,AUTO,True,True,True,STARLINK,58,2026-05-11T04:38:26Z
3,RECINTO_01,GW-VALLE,PLC-01,40056,35.28,1.41,35284,False,False,True,False,False,True,AUTO,True,True,True,STARLINK,74,2026-05-11T04:38:26Z
1,RECINTO_01,GW-SAN,PLC-01,20057,42.71,2.14,213554,False,False,True,False,False,True,AUTO,True,True,True,STARLINK,82,2026-05-11T04:48:26Z
2,RECINTO_01,GW-LOS,PLC-01,30057,81.9,2.87,204737,False,False,True,False,False,True,AUTO,True,True,True,STARLINK,70,2026-05-11T04:48:26Z
3,RECINTO_01,GW-VALLE,PLC-01,40057,34.43,1.38,34434,False,False,True,False,False,True,AUTO,True,True,True,STARLINK,74,2026-05-11T04:48:26Z
1,RECINTO_01,GW-SAN,PLC-01,20058,42.31,2.12,211554,False,False,True,False,False,True,AUTO,True,True,True,STARLINK,79,2026-05-11T04:58:26Z
2,RECINTO_01,GW-LOS,PLC-01,30058,81.38,2.85,203457,False,False,True,False,False,True,AUTO,True,True,True,STARLINK,82,2026-05-11T04:58:26Z
3,RECINTO_01,GW-VALLE,PLC-01,40058,33.51,1.34,33507,False,False,True,False,False,True,AUTO,True,True,True,STARLINK,58,2026-05-11T04:58:26Z
1,RECINTO_01,GW-SAN,PLC-01,20059,41.82,2.09,209096,False,False,True,False,False,True,AUTO,True,True,True,STARLINK,77,2026-05-11T05:08:26Z
2,RECINTO_01,GW-LOS,PLC-01,30059,80.71,2.82,201776,False,False,True,False,False,True,AUTO,True,True,True,STARLINK,72,2026-05-11T05:08:26Z
3,RECINTO_01,GW-VALLE,PLC-01,40059,32.63,1.31,32626,False,False,True,False,False,True,AUTO,True,True,True,STARLINK,85,2026-05-11T05:08:26Z
1,RECINTO_01,GW-SAN,PLC-01,20060,41.4,2.07,206992,False,False,True,False,False,True,AUTO,True,True,True,STARLINK,84,2026-05-11T05:18:26Z
2,RECINTO_01,GW-LOS,PLC-01,30060,80.02,2.8,200060,False,False,True,False,False,True,AUTO,True,True,True,STARLINK,77,2026-05-11T05:18:26Z
3,RECINTO_01,GW-VALLE,PLC-01,40060,31.85,1.27,31849,False,False,True,False,False,True,AUTO,True,True,True,STARLINK,44,2026-05-11T05:18:26Z
1,RECINTO_01,GW-SAN,PLC-01,20061,40.97,2.05,204832,False,False,True,False,False,True,AUTO,True,True,True,STARLINK,47,2026-05-11T05:28:26Z
2,RECINTO_01,GW-LOS,PLC-01,30061,79.35,2.78,198384,False,False,True,False,False,True,AUTO,True,True,True,STARLINK,47,2026-05-11T05:28:26Z
3,RECINTO_01,GW-VALLE,PLC-01,40061,30.92,1.24,30922,False,False,True,False,False,True,AUTO,True,True,True,STARLINK,48,2026-05-11T05:28:26Z
1,RECINTO_01,GW-SAN,PLC-01,20062,40.71,2.04,203568,False,False,True,False,False,True,AUTO,True,True,True,STARLINK,63,2026-05-11T05:38:26Z
2,RECINTO_01,GW-LOS,PLC-01,30062,78.81,2.76,197017,False,False,True,False,False,True,AUTO,True,True,True,STARLINK,64,2026-05-11T05:38:26Z
3,RECINTO_01,GW-VALLE,PLC-01,40062,29.97,1.2,29971,False,False,True,False,False,True,AUTO,True,True,True,STARLINK,79,2026-05-11T05:38:26Z
1,RECINTO_01,GW-SAN,PLC-01,20063,40.39,2.02,201959,False,False,True,False,False,True,AUTO,True,True,True,STARLINK,90,2026-05-11T05:48:26Z
2,RECINTO_01,GW-LOS,PLC-01,30063,78.29,2.74,195734,False,False,True,False,False,True,AUTO,True,True,True,STARLINK,61,2026-05-11T05:48:26Z
3,RECINTO_01,GW-VALLE,PLC-01,40063,28.99,1.16,28987,False,False,True,False,False,True,AUTO,True,True,True,STARLINK,77,2026-05-11T05:48:26Z
1,RECINTO_01,GW-SAN,PLC-01,20064,40.09,2.0,200472,False,False,True,False,False,True,AUTO,True,True,True,STARLINK,56,2026-05-11T05:58:26Z
2,RECINTO_01,GW-LOS,PLC-01,30064,77.8,2.72,194505,False,False,True,False,False,True,AUTO,True,True,True,STARLINK,77,2026-05-11T05:58:26Z
3,RECINTO_01,GW-VALLE,PLC-01,40064,28.13,1.13,28133,False,False,True,False,False,True,AUTO,True,True,True,STARLINK,45,2026-05-11T05:58:26Z
1,RECINTO_01,GW-SAN,PLC-01,20065,39.73,1.99,198648,False,False,True,False,False,True,AUTO,True,True,True,STARLINK,75,2026-05-11T06:08:26Z
2,RECINTO_01,GW-LOS,PLC-01,30065,77.17,2.7,192934,False,False,True,False,False,True,AUTO,True,True,True,STARLINK,78,2026-05-11T06:08:26Z
3,RECINTO_01,GW-VALLE,PLC-01,40065,27.27,1.09,27270,False,False,True,False,False,True,AUTO,True,True,True,STARLINK,91,2026-05-11T06:08:26Z
1,RECINTO_01,GW-SAN,PLC-01,20066,39.39,1.97,196926,False,False,True,False,False,True,AUTO,True,True,True,STARLINK,54,2026-05-11T06:18:26Z
2,RECINTO_01,GW-LOS,PLC-01,30066,76.54,2.68,191349,False,False,True,False,False,True,AUTO,True,True,True,STARLINK,83,2026-05-11T06:18:26Z
3,RECINTO_01,GW-VALLE,PLC-01,40066,26.48,1.06,26484,False,False,True,False,False,True,AUTO,True,True,True,STARLINK,63,2026-05-11T06:18:26Z
1,RECINTO_01,GW-SAN,PLC-01,20067,39.02,1.95,195107,False,False,True,False,False,True,AUTO,True,True,True,STARLINK,62,2026-05-11T06:28:26Z
2,RECINTO_01,GW-LOS,PLC-01,30067,76.08,2.66,190210,False,False,True,False,False,True,AUTO,True,True,True,STARLINK,65,2026-05-11T06:28:26Z
3,RECINTO_01,GW-VALLE,PLC-01,40067,25.59,1.02,25594,False,False,True,False,False,True,AUTO,True,True,True,STARLINK,61,2026-05-11T06:28:26Z
1,RECINTO_01,GW-SAN,PLC-01,20068,38.68,1.93,193392,False,False,True,False,False,True,AUTO,True,True,True,STARLINK,95,2026-05-11T06:38:26Z
2,RECINTO_01,GW-LOS,PLC-01,30068,75.41,2.64,188529,False,False,True,False,False,True,AUTO,True,True,True,STARLINK,72,2026-05-11T06:38:26Z
3,RECINTO_01,GW-VALLE,PLC-01,40068,24.69,0.99,24685,False,False,True,False,False,True,AUTO,True,True,True,STARLINK,69,2026-05-11T06:38:26Z
1,RECINTO_01,GW-SAN,PLC-01,20069,38.4,1.92,191994,False,False,True,False,False,True,AUTO,True,True,True,STARLINK,75,2026-05-11T06:48:26Z
2,RECINTO_01,GW-LOS,PLC-01,30069,74.95,2.62,187385,False,False,True,False,False,True,AUTO,True,True,True,STARLINK,89,2026-05-11T06:48:26Z
3,RECINTO_01,GW-VALLE,PLC-01,40069,23.87,0.95,23869,False,False,True,False,False,True,AUTO,True,True,True,STARLINK,76,2026-05-11T06:48:26Z
1,RECINTO_01,GW-SAN,PLC-01,20070,38.03,1.9,190153,False,False,True,False,False,True,AUTO,True,True,True,STARLINK,33,2026-05-11T06:58:26Z
2,RECINTO_01,GW-LOS,PLC-01,30070,74.27,2.6,185685,False,False,True,False,False,True,AUTO,True,True,True,STARLINK,75,2026-05-11T06:58:26Z
3,RECINTO_01,GW-VALLE,PLC-01,40070,22.97,0.92,22966,False,False,True,False,False,True,AUTO,True,True,True,STARLINK,93,2026-05-11T06:58:26Z
1,RECINTO_01,GW-SAN,PLC-01,20071,37.75,1.89,188758,False,False,True,False,False,True,AUTO,True,True,True,STARLINK,50,2026-05-11T07:08:26Z
2,RECINTO_01,GW-LOS,PLC-01,30071,73.8,2.58,184493,False,False,True,False,False,True,AUTO,True,True,True,STARLINK,87,2026-05-11T07:08:26Z
3,RECINTO_01,GW-VALLE,PLC-01,40071,22.2,0.89,22202,False,False,True,False,False,True,AUTO,True,True,True,STARLINK,72,2026-05-11T07:08:26Z
1,RECINTO_01,GW-SAN,PLC-01,20072,37.33,1.87,186638,False,False,True,False,False,True,AUTO,True,True,True,STARLINK,62,2026-05-11T07:18:26Z
2,RECINTO_01,GW-LOS,PLC-01,30072,73.12,2.56,182809,False,False,True,False,False,True,AUTO,True,True,True,STARLINK,67,2026-05-11T07:18:26Z
3,RECINTO_01,GW-VALLE,PLC-01,40072,21.38,0.86,21378,False,False,True,False,False,True,AUTO,True,True,True,STARLINK,71,2026-05-11T07:18:26Z
1,RECINTO_01,GW-SAN,PLC-01,20073,36.91,1.85,184529,False,False,True,False,False,True,AUTO,True,True,True,STARLINK,96,2026-05-11T07:28:26Z
2,RECINTO_01,GW-LOS,PLC-01,30073,72.43,2.54,181078,False,False,True,False,False,True,AUTO,True,True,True,STARLINK,55,2026-05-11T07:28:26Z
3,RECINTO_01,GW-VALLE,PLC-01,40073,20.6,0.82,20597,False,False,True,False,False,True,AUTO,True,True,True,STARLINK,66,2026-05-11T07:28:26Z
1,RECINTO_01,GW-SAN,PLC-01,20074,36.57,1.83,182854,False,False,True,False,False,True,AUTO,True,True,True,STARLINK,57,2026-05-11T07:38:26Z
2,RECINTO_01,GW-LOS,PLC-01,30074,71.93,2.52,179822,False,False,True,False,False,True,AUTO,True,True,True,STARLINK,96,2026-05-11T07:38:26Z
3,RECINTO_01,GW-VALLE,PLC-01,40074,19.73,0.79,19732,True,False,True,False,True,True,AUTO,True,True,True,STARLINK,98,2026-05-11T07:38:26Z
1,RECINTO_01,GW-SAN,PLC-01,20075,36.26,1.81,181318,False,False,True,False,False,True,AUTO,True,True,True,STARLINK,74,2026-05-11T07:48:26Z
2,RECINTO_01,GW-LOS,PLC-01,30075,71.41,2.5,178513,False,False,True,False,False,True,AUTO,True,True,True,STARLINK,69,2026-05-11T07:48:26Z
3,RECINTO_01,GW-VALLE,PLC-01,40075,22.14,0.89,22139,True,False,True,False,True,True,AUTO,True,True,True,STARLINK,57,2026-05-11T07:48:26Z
1,RECINTO_01,GW-SAN,PLC-01,20076,35.9,1.79,179486,False,False,True,False,False,True,AUTO,True,True,True,STARLINK,39,2026-05-11T07:58:26Z
2,RECINTO_01,GW-LOS,PLC-01,30076,70.9,2.48,177251,False,False,True,False,False,True,AUTO,True,True,True,STARLINK,53,2026-05-11T07:58:26Z
3,RECINTO_01,GW-VALLE,PLC-01,40076,24.65,0.99,24649,True,False,True,False,True,True,AUTO,True,True,True,STARLINK,59,2026-05-11T07:58:26Z
1,RECINTO_01,GW-SAN,PLC-01,20077,35.45,1.77,177245,False,False,True,False,False,True,AUTO,True,True,True,STARLINK,99,2026-05-11T08:08:26Z
2,RECINTO_01,GW-LOS,PLC-01,30077,70.28,2.46,175693,False,False,True,False,False,True,AUTO,True,True,True,STARLINK,58,2026-05-11T08:08:26Z
3,RECINTO_01,GW-VALLE,PLC-01,40077,27.06,1.08,27061,True,False,True,False,True,True,AUTO,True,True,True,STARLINK,96,2026-05-11T08:08:26Z
1,RECINTO_01,GW-SAN,PLC-01,20078,34.95,1.75,174767,False,False,True,False,False,True,AUTO,True,True,True,STARLINK,71,2026-05-11T08:18:26Z
2,RECINTO_01,GW-LOS,PLC-01,30078,69.66,2.44,174151,False,False,True,False,False,True,AUTO,True,True,True,STARLINK,71,2026-05-11T08:18:26Z
3,RECINTO_01,GW-VALLE,PLC-01,40078,29.48,1.18,29480,True,False,True,False,True,True,AUTO,True,True,True,STARLINK,76,2026-05-11T08:18:26Z
1,RECINTO_01,GW-SAN,PLC-01,20079,34.48,1.72,172395,False,False,True,False,False,True,AUTO,True,True,True,STARLINK,53,2026-05-11T08:28:26Z
2,RECINTO_01,GW-LOS,PLC-01,30079,69.1,2.42,172760,False,False,True,False,False,True,AUTO,True,True,True,STARLINK,54,2026-05-11T08:28:26Z
3,RECINTO_01,GW-VALLE,PLC-01,40079,31.9,1.28,31897,True,False,True,False,True,True,AUTO,True,True,True,STARLINK,53,2026-05-11T08:28:26Z
1,RECINTO_01,GW-SAN,PLC-01,20080,34.03,1.7,170125,False,False,True,False,False,True,AUTO,True,True,True,STARLINK,70,2026-05-11T08:38:26Z
2,RECINTO_01,GW-LOS,PLC-01,30080,68.55,2.4,171364,False,False,True,False,False,True,AUTO,True,True,True,STARLINK,71,2026-05-11T08:38:26Z
3,RECINTO_01,GW-VALLE,PLC-01,40080,34.45,1.38,34451,True,False,True,False,True,True,AUTO,True,True,True,STARLINK,75,2026-05-11T08:38:26Z
1,RECINTO_01,GW-SAN,PLC-01,20081,33.72,1.69,168588,False,False,True,False,False,True,AUTO,True,True,True,STARLINK,69,2026-05-11T08:48:26Z
2,RECINTO_01,GW-LOS,PLC-01,30081,67.99,2.38,169980,False,False,True,False,False,True,AUTO,True,True,True,STARLINK,93,2026-05-11T08:48:26Z
3,RECINTO_01,GW-VALLE,PLC-01,40081,36.96,1.48,36960,True,False,True,False,True,True,AUTO,True,True,True,STARLINK,84,2026-05-11T08:48:26Z
1,RECINTO_01,GW-SAN,PLC-01,20082,33.45,1.67,167270,False,False,True,False,False,True,AUTO,True,True,True,STARLINK,97,2026-05-11T08:58:26Z
2,RECINTO_01,GW-LOS,PLC-01,30082,67.43,2.36,168567,False,False,True,False,False,True,AUTO,True,True,True,STARLINK,73,2026-05-11T08:58:26Z
3,RECINTO_01,GW-VALLE,PLC-01,40082,39.54,1.58,39538,True,False,True,False,True,True,AUTO,True,True,True,STARLINK,67,2026-05-11T08:58:26Z
1,RECINTO_01,GW-SAN,PLC-01,20083,33.01,1.65,165049,False,False,True,False,False,True,AUTO,True,True,True,STARLINK,40,2026-05-11T09:08:26Z
2,RECINTO_01,GW-LOS,PLC-01,30083,66.91,2.34,167284,False,False,True,False,False,True,AUTO,True,True,True,STARLINK,97,2026-05-11T09:08:26Z
3,RECINTO_01,GW-VALLE,PLC-01,40083,42.01,1.68,42012,True,False,True,False,True,True,AUTO,True,True,True,STARLINK,70,2026-05-11T09:08:26Z
1,RECINTO_01,GW-SAN,PLC-01,20084,32.66,1.63,163307,False,False,True,False,False,True,AUTO,True,True,True,STARLINK,87,2026-05-11T09:18:26Z
2,RECINTO_01,GW-LOS,PLC-01,30084,66.34,2.32,165839,False,False,True,False,False,True,AUTO,True,True,True,STARLINK,77,2026-05-11T09:18:26Z
3,RECINTO_01,GW-VALLE,PLC-01,40084,44.61,1.78,44605,True,False,True,False,True,True,AUTO,True,True,True,STARLINK,60,2026-05-11T09:18:26Z
1,RECINTO_01,GW-SAN,PLC-01,20085,32.27,1.61,161361,False,False,True,False,False,True,AUTO,True,True,True,STARLINK,46,2026-05-11T09:28:26Z
2,RECINTO_01,GW-LOS,PLC-01,30085,65.8,2.3,164489,False,False,True,False,False,True,AUTO,True,True,True,STARLINK,58,2026-05-11T09:28:26Z
3,RECINTO_01,GW-VALLE,PLC-01,40085,47.09,1.88,47092,True,False,True,False,True,True,AUTO,True,True,True,STARLINK,47,2026-05-11T09:28:26Z
1,RECINTO_01,GW-SAN,PLC-01,20086,31.83,1.59,159174,False,False,True,False,False,True,AUTO,True,True,True,STARLINK,92,2026-05-11T09:38:26Z
2,RECINTO_01,GW-LOS,PLC-01,30086,65.13,2.28,162818,False,False,True,False,False,True,AUTO,True,True,True,STARLINK,59,2026-05-11T09:38:26Z
3,RECINTO_01,GW-VALLE,PLC-01,40086,49.5,1.98,49503,True,False,True,False,True,True,AUTO,True,True,True,STARLINK,68,2026-05-11T09:38:26Z
1,RECINTO_01,GW-SAN,PLC-01,20087,31.47,1.57,157361,False,False,True,False,False,True,AUTO,True,True,True,STARLINK,75,2026-05-11T09:48:26Z
2,RECINTO_01,GW-LOS,PLC-01,30087,64.59,2.26,161467,False,False,True,False,False,True,AUTO,True,True,True,STARLINK,64,2026-05-11T09:48:26Z
3,RECINTO_01,GW-VALLE,PLC-01,40087,51.97,2.08,51974,True,False,True,False,True,True,AUTO,True,True,True,STARLINK,82,2026-05-11T09:48:26Z
1,RECINTO_01,GW-SAN,PLC-01,20088,31.16,1.56,155809,False,False,True,False,False,True,AUTO,True,True,True,STARLINK,90,2026-05-11T09:58:26Z
2,RECINTO_01,GW-LOS,PLC-01,30088,63.94,2.24,159861,False,False,True,False,False,True,AUTO,True,True,True,STARLINK,93,2026-05-11T09:58:26Z
3,RECINTO_01,GW-VALLE,PLC-01,40088,54.38,2.18,54378,True,False,True,False,True,True,AUTO,True,True,True,STARLINK,78,2026-05-11T09:58:26Z
1,RECINTO_01,GW-SAN,PLC-01,20089,30.73,1.54,153669,False,False,True,False,False,True,AUTO,True,True,True,STARLINK,91,2026-05-11T10:08:26Z
2,RECINTO_01,GW-LOS,PLC-01,30089,63.45,2.22,158618,False,False,True,False,False,True,AUTO,True,True,True,STARLINK,87,2026-05-11T10:08:26Z
3,RECINTO_01,GW-VALLE,PLC-01,40089,56.91,2.28,56907,True,False,True,False,True,True,AUTO,True,True,True,STARLINK,64,2026-05-11T10:08:26Z
1,RECINTO_01,GW-SAN,PLC-01,20090,30.44,1.52,152203,False,False,True,False,False,True,AUTO,True,True,True,STARLINK,49,2026-05-11T10:18:26Z
2,RECINTO_01,GW-LOS,PLC-01,30090,62.97,2.2,157427,False,False,True,False,False,True,AUTO,True,True,True,STARLINK,61,2026-05-11T10:18:26Z
3,RECINTO_01,GW-VALLE,PLC-01,40090,59.5,2.38,59497,True,False,True,False,True,True,AUTO,True,True,True,STARLINK,78,2026-05-11T10:18:26Z
1,RECINTO_01,GW-SAN,PLC-01,20091,30.09,1.5,150470,False,False,True,False,False,True,AUTO,True,True,True,STARLINK,68,2026-05-11T10:28:26Z
2,RECINTO_01,GW-LOS,PLC-01,30091,62.47,2.19,156175,False,False,True,False,False,True,AUTO,True,True,True,STARLINK,66,2026-05-11T10:28:26Z
3,RECINTO_01,GW-VALLE,PLC-01,40091,61.95,2.48,61952,True,False,True,False,True,True,AUTO,True,True,True,STARLINK,69,2026-05-11T10:28:26Z
1,RECINTO_01,GW-SAN,PLC-01,20092,29.64,1.48,148176,False,False,True,False,False,True,AUTO,True,True,True,STARLINK,66,2026-05-11T10:38:26Z
2,RECINTO_01,GW-LOS,PLC-01,30092,61.94,2.17,154856,False,False,True,False,False,True,AUTO,True,True,True,STARLINK,94,2026-05-11T10:38:26Z
3,RECINTO_01,GW-VALLE,PLC-01,40092,64.49,2.58,64494,True,False,True,False,True,True,AUTO,True,True,True,STARLINK,60,2026-05-11T10:38:26Z
1,RECINTO_01,GW-SAN,PLC-01,20093,29.18,1.46,145917,False,False,True,False,False,True,AUTO,True,True,True,STARLINK,66,2026-05-11T10:48:26Z
2,RECINTO_01,GW-LOS,PLC-01,30093,61.45,2.15,153616,False,False,True,False,False,True,AUTO,True,True,True,STARLINK,81,2026-05-11T10:48:26Z
3,RECINTO_01,GW-VALLE,PLC-01,40093,67.02,2.68,67015,True,False,True,False,True,True,AUTO,True,True,True,STARLINK,76,2026-05-11T10:48:26Z
1,RECINTO_01,GW-SAN,PLC-01,20094,28.83,1.44,144126,False,False,True,False,False,True,AUTO,True,True,True,STARLINK,69,2026-05-11T10:58:26Z
2,RECINTO_01,GW-LOS,PLC-01,30094,60.81,2.13,152015,False,False,True,False,False,True,AUTO,True,True,True,STARLINK,77,2026-05-11T10:58:26Z
3,RECINTO_01,GW-VALLE,PLC-01,40094,69.6,2.78,69603,True,False,True,False,True,True,AUTO,True,True,True,STARLINK,50,2026-05-11T10:58:26Z
1,RECINTO_01,GW-SAN,PLC-01,20095,28.33,1.42,141635,False,False,True,False,False,True,AUTO,True,True,True,STARLINK,67,2026-05-11T11:08:26Z
2,RECINTO_01,GW-LOS,PLC-01,30095,60.33,2.11,150827,False,False,True,False,False,True,AUTO,True,True,True,STARLINK,73,2026-05-11T11:08:26Z
3,RECINTO_01,GW-VALLE,PLC-01,40095,72.09,2.88,72085,True,False,True,False,True,True,AUTO,True,True,True,STARLINK,56,2026-05-11T11:08:26Z
1,RECINTO_01,GW-SAN,PLC-01,20096,28.02,1.4,140124,False,False,True,False,False,True,AUTO,True,True,True,STARLINK,92,2026-05-11T11:18:26Z
2,RECINTO_01,GW-LOS,PLC-01,30096,59.66,2.09,149159,False,False,True,False,False,True,AUTO,True,True,True,STARLINK,60,2026-05-11T11:18:26Z
3,RECINTO_01,GW-VALLE,PLC-01,40096,74.54,2.98,74543,True,False,True,False,True,True,AUTO,True,True,True,STARLINK,69,2026-05-11T11:18:26Z
1,RECINTO_01,GW-SAN,PLC-01,20097,27.59,1.38,137967,False,False,True,False,False,True,AUTO,True,True,True,STARLINK,104,2026-05-11T11:28:26Z
2,RECINTO_01,GW-LOS,PLC-01,30097,59.1,2.07,147749,False,False,True,False,False,True,AUTO,True,True,True,STARLINK,67,2026-05-11T11:28:26Z
3,RECINTO_01,GW-VALLE,PLC-01,40097,76.98,3.08,76977,True,False,True,False,True,True,AUTO,True,True,True,STARLINK,80,2026-05-11T11:28:26Z
1,RECINTO_01,GW-SAN,PLC-01,20098,27.32,1.37,136576,False,False,True,False,False,True,AUTO,True,True,True,STARLINK,76,2026-05-11T11:38:26Z
2,RECINTO_01,GW-LOS,PLC-01,30098,58.41,2.04,146023,False,False,True,False,False,True,AUTO,True,True,True,STARLINK,55,2026-05-11T11:38:26Z
3,RECINTO_01,GW-VALLE,PLC-01,40098,79.38,3.18,79383,True,False,True,False,True,True,AUTO,True,True,True,STARLINK,69,2026-05-11T11:38:26Z
1,RECINTO_01,GW-SAN,PLC-01,20099,26.96,1.35,134808,False,False,True,False,False,True,AUTO,True,True,True,STARLINK,75,2026-05-11T11:48:26Z
2,RECINTO_01,GW-LOS,PLC-01,30099,57.85,2.02,144613,False,False,True,False,False,True,AUTO,True,True,True,STARLINK,53,2026-05-11T11:48:26Z
3,RECINTO_01,GW-VALLE,PLC-01,40099,81.81,3.27,81809,True,False,True,False,True,True,AUTO,True,True,True,STARLINK,74,2026-05-11T11:48:26Z
1,RECINTO_01,GW-SAN,PLC-01,20100,26.56,1.33,132792,False,False,True,False,False,True,AUTO,True,True,True,STARLINK,79,2026-05-11T11:58:26Z
2,RECINTO_01,GW-LOS,PLC-01,30100,57.2,2.0,143000,False,False,True,False,False,True,AUTO,True,True,True,STARLINK,72,2026-05-11T11:58:26Z
3,RECINTO_01,GW-VALLE,PLC-01,40100,84.35,3.37,84353,True,False,True,False,True,True,AUTO,True,True,True,STARLINK,94,2026-05-11T11:58:26Z
1,RECINTO_01,GW-SAN,PLC-01,20101,26.08,1.3,130385,False,False,True,False,False,True,AUTO,True,True,True,STARLINK,66,2026-05-11T12:08:26Z
2,RECINTO_01,GW-LOS,PLC-01,30101,56.57,1.98,141433,False,False,True,False,False,True,AUTO,True,True,True,STARLINK,74,2026-05-11T12:08:26Z
3,RECINTO_01,GW-VALLE,PLC-01,40101,86.83,3.47,86834,True,False,True,False,True,True,AUTO,True,True,True,STARLINK,93,2026-05-11T12:08:26Z
1,RECINTO_01,GW-SAN,PLC-01,20102,25.72,1.29,128618,False,False,True,False,False,True,AUTO,True,True,True,STARLINK,74,2026-05-11T12:18:26Z
2,RECINTO_01,GW-LOS,PLC-01,30102,56.06,1.96,140155,False,False,True,False,False,True,AUTO,True,True,True,STARLINK,68,2026-05-11T12:18:26Z
3,RECINTO_01,GW-VALLE,PLC-01,40102,89.28,3.57,89280,True,False,True,False,True,True,AUTO,True,True,True,STARLINK,85,2026-05-11T12:18:26Z
1,RECINTO_01,GW-SAN,PLC-01,20103,25.47,1.27,127350,False,False,True,False,False,True,AUTO,True,True,True,STARLINK,55,2026-05-11T12:28:26Z
2,RECINTO_01,GW-LOS,PLC-01,30103,55.37,1.94,138417,False,False,True,False,False,True,AUTO,True,True,True,STARLINK,55,2026-05-11T12:28:26Z
3,RECINTO_01,GW-VALLE,PLC-01,40103,91.86,3.67,91855,True,False,True,False,True,True,AUTO,True,True,True,STARLINK,67,2026-05-11T12:28:26Z
1,RECINTO_01,GW-SAN,PLC-01,20104,25.11,1.26,125566,False,False,True,False,False,True,AUTO,True,True,True,STARLINK,56,2026-05-11T12:38:26Z
2,RECINTO_01,GW-LOS,PLC-01,30104,54.9,1.92,137256,False,False,True,False,False,True,AUTO,True,True,True,STARLINK,68,2026-05-11T12:38:26Z
3,RECINTO_01,GW-VALLE,PLC-01,40104,94.28,3.77,94277,True,False,True,False,True,True,AUTO,True,True,True,STARLINK,75,2026-05-11T12:38:26Z
1,RECINTO_01,GW-SAN,PLC-01,20105,24.8,1.24,124016,False,False,True,False,False,True,AUTO,True,True,True,STARLINK,58,2026-05-11T12:48:26Z
2,RECINTO_01,GW-LOS,PLC-01,30105,54.31,1.9,135776,False,False,True,False,False,True,AUTO,True,True,True,STARLINK,94,2026-05-11T12:48:26Z
3,RECINTO_01,GW-VALLE,PLC-01,40105,96.75,3.87,96752,False,False,True,False,False,True,AUTO,True,True,True,STARLINK,49,2026-05-11T12:48:26Z
1,RECINTO_01,GW-SAN,PLC-01,20106,24.36,1.22,121819,False,False,True,False,False,True,AUTO,True,True,True,STARLINK,54,2026-05-11T12:58:26Z
2,RECINTO_01,GW-LOS,PLC-01,30106,53.81,1.88,134521,False,False,True,False,False,True,AUTO,True,True,True,STARLINK,53,2026-05-11T12:58:26Z
3,RECINTO_01,GW-VALLE,PLC-01,40106,95.99,3.84,95985,False,False,True,False,False,True,AUTO,True,True,True,STARLINK,57,2026-05-11T12:58:26Z
1,RECINTO_01,GW-SAN,PLC-01,20107,24.01,1.2,120039,False,False,True,False,False,True,AUTO,True,True,True,STARLINK,78,2026-05-11T13:08:26Z
2,RECINTO_01,GW-LOS,PLC-01,30107,53.14,1.86,132840,False,False,True,False,False,True,AUTO,True,True,True,STARLINK,68,2026-05-11T13:08:26Z
3,RECINTO_01,GW-VALLE,PLC-01,40107,95.22,3.81,95224,False,False,True,False,False,True,AUTO,True,True,True,STARLINK,71,2026-05-11T13:08:26Z
1,RECINTO_01,GW-SAN,PLC-01,20108,23.73,1.19,118635,False,False,True,False,False,True,AUTO,True,True,True,STARLINK,73,2026-05-11T13:18:26Z
2,RECINTO_01,GW-LOS,PLC-01,30108,52.64,1.84,131603,False,False,True,False,False,True,AUTO,True,True,True,STARLINK,74,2026-05-11T13:18:26Z
3,RECINTO_01,GW-VALLE,PLC-01,40108,94.43,3.78,94426,False,False,True,False,False,True,AUTO,True,True,True,STARLINK,73,2026-05-11T13:18:26Z
1,RECINTO_01,GW-SAN,PLC-01,20109,23.38,1.17,116922,False,False,True,False,False,True,AUTO,True,True,True,STARLINK,71,2026-05-11T13:28:26Z
2,RECINTO_01,GW-LOS,PLC-01,30109,52.17,1.83,130430,False,False,True,False,False,True,AUTO,True,True,True,STARLINK,61,2026-05-11T13:28:26Z
3,RECINTO_01,GW-VALLE,PLC-01,40109,93.6,3.74,93602,False,False,True,False,False,True,AUTO,True,True,True,STARLINK,80,2026-05-11T13:28:26Z
1,RECINTO_01,GW-SAN,PLC-01,20110,23.03,1.15,115159,False,False,True,False,False,True,AUTO,True,True,True,STARLINK,56,2026-05-11T13:38:26Z
2,RECINTO_01,GW-LOS,PLC-01,30110,51.67,1.81,129186,False,False,True,False,False,True,AUTO,True,True,True,STARLINK,50,2026-05-11T13:38:26Z
3,RECINTO_01,GW-VALLE,PLC-01,40110,92.71,3.71,92713,False,False,True,False,False,True,AUTO,True,True,True,STARLINK,72,2026-05-11T13:38:26Z
1,RECINTO_01,GW-SAN,PLC-01,20111,22.57,1.13,112859,False,False,True,False,False,True,AUTO,True,True,True,STARLINK,65,2026-05-11T13:48:26Z
2,RECINTO_01,GW-LOS,PLC-01,30111,51.06,1.79,127637,False,False,True,False,False,True,AUTO,True,True,True,STARLINK,67,2026-05-11T13:48:26Z
3,RECINTO_01,GW-VALLE,PLC-01,40111,91.74,3.67,91741,False,False,True,False,False,True,AUTO,True,True,True,STARLINK,98,2026-05-11T13:48:26Z
1,RECINTO_01,GW-SAN,PLC-01,20112,22.21,1.11,111028,False,False,True,False,False,True,AUTO,True,True,True,STARLINK,47,2026-05-11T13:58:26Z
2,RECINTO_01,GW-LOS,PLC-01,30112,50.57,1.77,126431,False,False,True,False,False,True,AUTO,True,True,True,STARLINK,86,2026-05-11T13:58:26Z
3,RECINTO_01,GW-VALLE,PLC-01,40112,90.79,3.63,90794,False,False,True,False,False,True,AUTO,True,True,True,STARLINK,75,2026-05-11T13:58:26Z
1,RECINTO_01,GW-SAN,PLC-01,20113,21.84,1.09,109176,False,False,True,False,False,True,AUTO,True,True,True,STARLINK,70,2026-05-11T14:08:26Z
2,RECINTO_01,GW-LOS,PLC-01,30113,49.98,1.75,124953,False,False,True,False,False,True,AUTO,True,True,True,STARLINK,92,2026-05-11T14:08:26Z
3,RECINTO_01,GW-VALLE,PLC-01,40113,89.98,3.6,89984,False,False,True,False,False,True,AUTO,True,True,True,STARLINK,85,2026-05-11T14:08:26Z
1,RECINTO_01,GW-SAN,PLC-01,20114,21.36,1.07,106793,False,False,True,False,False,True,AUTO,True,True,True,STARLINK,95,2026-05-11T14:18:26Z
2,RECINTO_01,GW-LOS,PLC-01,30114,49.42,1.73,123549,False,False,True,False,False,True,AUTO,True,True,True,STARLINK,87,2026-05-11T14:18:26Z
3,RECINTO_01,GW-VALLE,PLC-01,40114,89.18,3.57,89180,False,False,True,False,False,True,AUTO,True,True,True,STARLINK,56,2026-05-11T14:18:26Z
1,RECINTO_01,GW-SAN,PLC-01,20115,21.09,1.05,105452,False,False,True,False,False,True,AUTO,True,True,True,STARLINK,82,2026-05-11T14:28:26Z
2,RECINTO_01,GW-LOS,PLC-01,30115,48.95,1.71,122369,False,False,True,False,False,True,AUTO,True,True,True,STARLINK,69,2026-05-11T14:28:26Z
3,RECINTO_01,GW-VALLE,PLC-01,40115,88.35,3.53,88352,False,False,True,False,False,True,AUTO,True,True,True,STARLINK,61,2026-05-11T14:28:26Z
1,RECINTO_01,GW-SAN,PLC-01,20116,20.67,1.03,103352,False,False,True,False,False,True,AUTO,True,True,True,STARLINK,88,2026-05-11T14:38:26Z
2,RECINTO_01,GW-LOS,PLC-01,30116,48.35,1.69,120871,False,False,True,False,False,True,AUTO,True,True,True,STARLINK,47,2026-05-11T14:38:26Z
3,RECINTO_01,GW-VALLE,PLC-01,40116,87.53,3.5,87527,False,False,True,False,False,True,AUTO,True,True,True,STARLINK,76,2026-05-11T14:38:26Z
1,RECINTO_01,GW-SAN,PLC-01,20117,20.32,1.02,101592,False,False,True,False,False,True,AUTO,True,True,True,STARLINK,60,2026-05-11T14:48:26Z
2,RECINTO_01,GW-LOS,PLC-01,30117,47.75,1.67,119370,False,False,True,False,False,True,AUTO,True,True,True,STARLINK,74,2026-05-11T14:48:26Z
3,RECINTO_01,GW-VALLE,PLC-01,40117,86.71,3.47,86712,False,False,True,False,False,True,AUTO,True,True,True,STARLINK,52,2026-05-11T14:48:26Z
1,RECINTO_01,GW-SAN,PLC-01,20118,19.86,0.99,99315,True,False,True,False,True,True,AUTO,True,True,True,STARLINK,55,2026-05-11T14:58:26Z
2,RECINTO_01,GW-LOS,PLC-01,30118,47.17,1.65,117916,False,False,True,False,False,True,AUTO,True,True,True,STARLINK,85,2026-05-11T14:58:26Z
3,RECINTO_01,GW-VALLE,PLC-01,40118,85.91,3.44,85908,False,False,True,False,False,True,AUTO,True,True,True,STARLINK,98,2026-05-11T14:58:26Z
1,RECINTO_01,GW-SAN,PLC-01,20119,20.98,1.05,104907,True,False,True,False,True,True,AUTO,True,True,True,STARLINK,76,2026-05-11T15:08:26Z
2,RECINTO_01,GW-LOS,PLC-01,30119,46.63,1.63,116577,False,False,True,False,False,True,AUTO,True,True,True,STARLINK,74,2026-05-11T15:08:26Z
3,RECINTO_01,GW-VALLE,PLC-01,40119,85.07,3.4,85065,False,False,True,False,False,True,AUTO,True,True,True,STARLINK,56,2026-05-11T15:08:26Z
1,RECINTO_01,GW-SAN,PLC-01,20120,22.24,1.11,111187,True,False,True,False,True,True,AUTO,True,True,True,STARLINK,54,2026-05-11T15:18:26Z
2,RECINTO_01,GW-LOS,PLC-01,30120,46.03,1.61,115073,False,False,True,False,False,True,AUTO,True,True,True,STARLINK,76,2026-05-11T15:18:26Z
3,RECINTO_01,GW-VALLE,PLC-01,40120,84.11,3.36,84108,False,False,True,False,False,True,AUTO,True,True,True,STARLINK,64,2026-05-11T15:18:26Z
1,RECINTO_01,GW-SAN,PLC-01,20121,23.43,1.17,117170,True,False,True,False,True,True,AUTO,True,True,True,STARLINK,55,2026-05-11T15:28:26Z
2,RECINTO_01,GW-LOS,PLC-01,30121,45.36,1.59,113398,False,False,True,False,False,True,AUTO,True,True,True,STARLINK,83,2026-05-11T15:28:26Z
3,RECINTO_01,GW-VALLE,PLC-01,40121,83.29,3.33,83290,False,False,True,False,False,True,AUTO,True,True,True,STARLINK,59,2026-05-11T15:28:26Z
1,RECINTO_01,GW-SAN,PLC-01,20122,24.61,1.23,123030,True,False,True,False,True,True,AUTO,True,True,True,STARLINK,76,2026-05-11T15:38:26Z
2,RECINTO_01,GW-LOS,PLC-01,30122,44.75,1.57,111882,False,False,True,False,False,True,AUTO,True,True,True,STARLINK,54,2026-05-11T15:38:26Z
3,RECINTO_01,GW-VALLE,PLC-01,40122,82.34,3.29,82342,False,False,True,False,False,True,AUTO,True,True,True,STARLINK,47,2026-05-11T15:38:26Z
1,RECINTO_01,GW-SAN,PLC-01,20123,25.89,1.29,129427,True,False,True,False,True,True,AUTO,True,True,True,STARLINK,87,2026-05-11T15:48:26Z
2,RECINTO_01,GW-LOS,PLC-01,30123,44.15,1.55,110371,False,False,True,False,False,True,AUTO,True,True,True,STARLINK,83,2026-05-11T15:48:26Z
3,RECINTO_01,GW-VALLE,PLC-01,40123,81.37,3.25,81370,False,False,True,False,False,True,AUTO,True,True,True,STARLINK,43,2026-05-11T15:48:26Z
1,RECINTO_01,GW-SAN,PLC-01,20124,27.18,1.36,135917,True,False,True,False,True,True,AUTO,True,True,True,STARLINK,72,2026-05-11T15:58:26Z
2,RECINTO_01,GW-LOS,PLC-01,30124,43.53,1.52,108832,False,False,True,False,False,True,AUTO,True,True,True,STARLINK,50,2026-05-11T15:58:26Z
3,RECINTO_01,GW-VALLE,PLC-01,40124,80.57,3.22,80568,False,False,True,False,False,True,AUTO,True,True,True,STARLINK,54,2026-05-11T15:58:26Z
1,RECINTO_01,GW-SAN,PLC-01,20125,28.39,1.42,141960,True,False,True,False,True,True,AUTO,True,True,True,STARLINK,59,2026-05-11T16:08:26Z
2,RECINTO_01,GW-LOS,PLC-01,30125,42.96,1.5,107407,False,False,True,False,False,True,AUTO,True,True,True,STARLINK,61,2026-05-11T16:08:26Z
3,RECINTO_01,GW-VALLE,PLC-01,40125,79.75,3.19,79751,False,False,True,False,False,True,AUTO,True,True,True,STARLINK,78,2026-05-11T16:08:26Z
1,RECINTO_01,GW-SAN,PLC-01,20126,29.58,1.48,147893,True,False,True,False,True,True,AUTO,True,True,True,STARLINK,52,2026-05-11T16:18:26Z
2,RECINTO_01,GW-LOS,PLC-01,30126,42.4,1.48,105993,False,False,True,False,False,True,AUTO,True,True,True,STARLINK,84,2026-05-11T16:18:26Z
3,RECINTO_01,GW-VALLE,PLC-01,40126,78.8,3.15,78798,False,False,True,False,False,True,AUTO,True,True,True,STARLINK,51,2026-05-11T16:18:26Z
1,RECINTO_01,GW-SAN,PLC-01,20127,30.72,1.54,153577,True,False,True,False,True,True,AUTO,True,True,True,STARLINK,71,2026-05-11T16:28:26Z
2,RECINTO_01,GW-LOS,PLC-01,30127,41.83,1.46,104584,False,False,True,False,False,True,AUTO,True,True,True,STARLINK,90,2026-05-11T16:28:26Z
3,RECINTO_01,GW-VALLE,PLC-01,40127,77.92,3.12,77918,False,False,True,False,False,True,AUTO,True,True,True,STARLINK,79,2026-05-11T16:28:26Z
1,RECINTO_01,GW-SAN,PLC-01,20128,31.82,1.59,159087,True,False,True,False,True,True,AUTO,True,True,True,STARLINK,83,2026-05-11T16:38:26Z
2,RECINTO_01,GW-LOS,PLC-01,30128,41.3,1.45,103251,False,False,True,False,False,True,AUTO,True,True,True,STARLINK,78,2026-05-11T16:38:26Z
3,RECINTO_01,GW-VALLE,PLC-01,40128,77.05,3.08,77048,False,False,True,False,False,True,AUTO,True,True,True,STARLINK,76,2026-05-11T16:38:26Z
1,RECINTO_01,GW-SAN,PLC-01,20129,33.06,1.65,165290,True,False,True,False,True,True,AUTO,True,True,True,STARLINK,42,2026-05-11T16:48:26Z
2,RECINTO_01,GW-LOS,PLC-01,30129,40.71,1.42,101776,False,False,True,False,False,True,AUTO,True,True,True,STARLINK,50,2026-05-11T16:48:26Z
3,RECINTO_01,GW-VALLE,PLC-01,40129,76.15,3.05,76148,False,False,True,False,False,True,AUTO,True,True,True,STARLINK,94,2026-05-11T16:48:26Z
1,RECINTO_01,GW-SAN,PLC-01,20130,34.18,1.71,170902,True,False,True,False,True,True,AUTO,True,True,True,STARLINK,50,2026-05-11T16:58:26Z
2,RECINTO_01,GW-LOS,PLC-01,30130,40.26,1.41,100650,False,False,True,False,False,True,AUTO,True,True,True,STARLINK,60,2026-05-11T16:58:26Z
3,RECINTO_01,GW-VALLE,PLC-01,40130,75.21,3.01,75205,False,False,True,False,False,True,AUTO,True,True,True,STARLINK,55,2026-05-11T16:58:26Z
1,RECINTO_01,GW-SAN,PLC-01,20131,35.28,1.76,176421,True,False,True,False,True,True,AUTO,True,True,True,STARLINK,67,2026-05-11T17:08:26Z
2,RECINTO_01,GW-LOS,PLC-01,30131,39.65,1.39,99122,False,False,True,False,False,True,AUTO,True,True,True,STARLINK,71,2026-05-11T17:08:26Z
3,RECINTO_01,GW-VALLE,PLC-01,40131,74.25,2.97,74250,False,False,True,False,False,True,AUTO,True,True,True,STARLINK,86,2026-05-11T17:08:26Z
1,RECINTO_01,GW-SAN,PLC-01,20132,36.44,1.82,182192,True,False,True,False,True,True,AUTO,True,True,True,STARLINK,57,2026-05-11T17:18:26Z
2,RECINTO_01,GW-LOS,PLC-01,30132,39.16,1.37,97894,False,False,True,False,False,True,AUTO,True,True,True,STARLINK,70,2026-05-11T17:18:26Z
3,RECINTO_01,GW-VALLE,PLC-01,40132,73.35,2.93,73346,False,False,True,False,False,True,AUTO,True,True,True,STARLINK,49,2026-05-11T17:18:26Z
1,RECINTO_01,GW-SAN,PLC-01,20133,37.57,1.88,187835,True,False,True,False,True,True,AUTO,True,True,True,STARLINK,84,2026-05-11T17:28:26Z
2,RECINTO_01,GW-LOS,PLC-01,30133,38.63,1.35,96567,False,False,True,False,False,True,AUTO,True,True,True,STARLINK,85,2026-05-11T17:28:26Z
3,RECINTO_01,GW-VALLE,PLC-01,40133,72.58,2.9,72584,False,False,True,False,False,True,AUTO,True,True,True,STARLINK,44,2026-05-11T17:28:26Z
1,RECINTO_01,GW-SAN,PLC-01,20134,38.68,1.93,193388,True,False,True,False,True,True,AUTO,True,True,True,STARLINK,58,2026-05-11T17:38:26Z
2,RECINTO_01,GW-LOS,PLC-01,30134,38.16,1.34,95396,False,False,True,False,False,True,AUTO,True,True,True,STARLINK,96,2026-05-11T17:38:26Z
3,RECINTO_01,GW-VALLE,PLC-01,40134,71.76,2.87,71764,False,False,True,False,False,True,AUTO,True,True,True,STARLINK,78,2026-05-11T17:38:26Z
1,RECINTO_01,GW-SAN,PLC-01,20135,39.96,2.0,199822,True,False,True,False,True,True,AUTO,True,True,True,STARLINK,67,2026-05-11T17:48:26Z
2,RECINTO_01,GW-LOS,PLC-01,30135,37.68,1.32,94192,False,False,True,False,False,True,AUTO,True,True,True,STARLINK,69,2026-05-11T17:48:26Z
3,RECINTO_01,GW-VALLE,PLC-01,40135,70.79,2.83,70787,False,False,True,False,False,True,AUTO,True,True,True,STARLINK,93,2026-05-11T17:48:26Z
1,RECINTO_01,GW-SAN,PLC-01,20136,41.07,2.05,205370,True,False,True,False,True,True,AUTO,True,True,True,STARLINK,71,2026-05-11T17:58:26Z
2,RECINTO_01,GW-LOS,PLC-01,30136,37.22,1.3,93057,False,False,True,False,False,True,AUTO,True,True,True,STARLINK,63,2026-05-11T17:58:26Z
3,RECINTO_01,GW-VALLE,PLC-01,40136,69.92,2.8,69924,False,False,True,False,False,True,AUTO,True,True,True,STARLINK,60,2026-05-11T17:58:26Z
1,RECINTO_01,GW-SAN,PLC-01,20137,42.33,2.12,211648,True,False,True,False,True,True,AUTO,True,True,True,STARLINK,93,2026-05-11T18:08:26Z
2,RECINTO_01,GW-LOS,PLC-01,30137,36.61,1.28,91515,False,False,True,False,False,True,AUTO,True,True,True,STARLINK,96,2026-05-11T18:08:26Z
3,RECINTO_01,GW-VALLE,PLC-01,40137,69.03,2.76,69034,False,False,True,False,False,True,AUTO,True,True,True,STARLINK,60,2026-05-11T18:08:26Z
1,RECINTO_01,GW-SAN,PLC-01,20138,43.49,2.17,217435,True,False,True,False,True,True,AUTO,True,True,True,STARLINK,68,2026-05-11T18:18:26Z
2,RECINTO_01,GW-LOS,PLC-01,30138,35.96,1.26,89894,False,False,True,False,False,True,AUTO,True,True,True,STARLINK,55,2026-05-11T18:18:26Z
3,RECINTO_01,GW-VALLE,PLC-01,40138,68.27,2.73,68269,False,False,True,False,False,True,AUTO,True,True,True,STARLINK,93,2026-05-11T18:18:26Z
1,RECINTO_01,GW-SAN,PLC-01,20139,44.61,2.23,223057,True,False,True,False,True,True,AUTO,True,True,True,STARLINK,65,2026-05-11T18:28:26Z
2,RECINTO_01,GW-LOS,PLC-01,30139,35.47,1.24,88684,False,False,True,False,False,True,AUTO,True,True,True,STARLINK,76,2026-05-11T18:28:26Z
3,RECINTO_01,GW-VALLE,PLC-01,40139,67.49,2.7,67490,False,False,True,False,False,True,AUTO,True,True,True,STARLINK,98,2026-05-11T18:28:26Z
1,RECINTO_01,GW-SAN,PLC-01,20140,45.76,2.29,228823,True,False,True,False,True,True,AUTO,True,True,True,STARLINK,74,2026-05-11T18:38:26Z
2,RECINTO_01,GW-LOS,PLC-01,30140,34.93,1.22,87334,False,False,True,False,False,True,AUTO,True,True,True,STARLINK,85,2026-05-11T18:38:26Z
3,RECINTO_01,GW-VALLE,PLC-01,40140,66.73,2.67,66730,False,False,True,False,False,True,AUTO,True,True,True,STARLINK,79,2026-05-11T18:38:26Z
1,RECINTO_01,GW-SAN,PLC-01,20141,46.87,2.34,234359,True,False,True,False,True,True,AUTO,True,True,True,STARLINK,70,2026-05-11T18:48:26Z
2,RECINTO_01,GW-LOS,PLC-01,30141,34.3,1.2,85756,False,False,True,False,False,True,AUTO,True,True,True,STARLINK,106,2026-05-11T18:48:26Z
3,RECINTO_01,GW-VALLE,PLC-01,40141,65.74,2.63,65741,False,False,True,False,False,True,AUTO,True,True,True,STARLINK,65,2026-05-11T18:48:26Z
1,RECINTO_01,GW-SAN,PLC-01,20142,48.07,2.4,240359,True,False,True,False,True,True,AUTO,True,True,True,STARLINK,74,2026-05-11T18:58:26Z
2,RECINTO_01,GW-LOS,PLC-01,30142,33.74,1.18,84337,False,False,True,False,False,True,AUTO,True,True,True,STARLINK,78,2026-05-11T18:58:26Z
3,RECINTO_01,GW-VALLE,PLC-01,40142,64.96,2.6,64963,False,False,True,False,False,True,AUTO,True,True,True,STARLINK,60,2026-05-11T18:58:26Z
1,RECINTO_01,GW-SAN,PLC-01,20143,49.18,2.46,245899,True,False,True,False,True,True,AUTO,True,True,True,STARLINK,57,2026-05-11T19:08:26Z
2,RECINTO_01,GW-LOS,PLC-01,30143,33.21,1.16,83031,False,False,True,False,False,True,AUTO,True,True,True,STARLINK,70,2026-05-11T19:08:26Z
3,RECINTO_01,GW-VALLE,PLC-01,40143,64.0,2.56,64004,False,False,True,False,False,True,AUTO,True,True,True,STARLINK,75,2026-05-11T19:08:26Z
1,RECINTO_01,GW-SAN,PLC-01,20144,50.45,2.52,252243,True,False,True,False,True,True,AUTO,True,True,True,STARLINK,80,2026-05-11T19:18:26Z
2,RECINTO_01,GW-LOS,PLC-01,30144,32.72,1.15,81803,False,False,True,False,False,True,AUTO,True,True,True,STARLINK,84,2026-05-11T19:18:26Z
3,RECINTO_01,GW-VALLE,PLC-01,40144,63.14,2.53,63138,False,False,True,False,False,True,AUTO,True,True,True,STARLINK,64,2026-05-11T19:18:26Z
1,RECINTO_01,GW-SAN,PLC-01,20145,51.64,2.58,258201,True,False,True,False,True,True,AUTO,True,True,True,STARLINK,56,2026-05-11T19:28:26Z
2,RECINTO_01,GW-LOS,PLC-01,30145,32.12,1.12,80299,False,False,True,False,False,True,AUTO,True,True,True,STARLINK,75,2026-05-11T19:28:26Z
3,RECINTO_01,GW-VALLE,PLC-01,40145,62.23,2.49,62231,False,False,True,False,False,True,AUTO,True,True,True,STARLINK,63,2026-05-11T19:28:26Z
1,RECINTO_01,GW-SAN,PLC-01,20146,52.78,2.64,263885,True,False,True,False,True,True,AUTO,True,True,True,STARLINK,59,2026-05-11T19:38:26Z
2,RECINTO_01,GW-LOS,PLC-01,30146,31.62,1.11,79038,False,False,True,False,False,True,AUTO,True,True,True,STARLINK,76,2026-05-11T19:38:26Z
3,RECINTO_01,GW-VALLE,PLC-01,40146,61.39,2.46,61389,False,False,True,False,False,True,AUTO,True,True,True,STARLINK,53,2026-05-11T19:38:26Z
1,RECINTO_01,GW-SAN,PLC-01,20147,54.01,2.7,270063,True,False,True,False,True,True,AUTO,True,True,True,STARLINK,60,2026-05-11T19:48:26Z
2,RECINTO_01,GW-LOS,PLC-01,30147,31.11,1.09,77782,False,False,True,False,False,True,AUTO,True,True,True,STARLINK,78,2026-05-11T19:48:26Z
3,RECINTO_01,GW-VALLE,PLC-01,40147,60.46,2.42,60457,False,False,True,False,False,True,AUTO,True,True,True,STARLINK,75,2026-05-11T19:48:26Z
1,RECINTO_01,GW-SAN,PLC-01,20148,55.28,2.76,276409,True,False,True,False,True,True,AUTO,True,True,True,STARLINK,65,2026-05-11T19:58:26Z
2,RECINTO_01,GW-LOS,PLC-01,30148,30.45,1.07,76133,False,False,True,False,False,True,AUTO,True,True,True,STARLINK,77,2026-05-11T19:58:26Z
3,RECINTO_01,GW-VALLE,PLC-01,40148,59.66,2.39,59659,False,False,True,False,False,True,AUTO,True,True,True,STARLINK,53,2026-05-11T19:58:26Z
1,RECINTO_01,GW-SAN,PLC-01,20149,56.47,2.82,282368,True,False,True,False,True,True,AUTO,True,True,True,STARLINK,62,2026-05-11T20:08:26Z
2,RECINTO_01,GW-LOS,PLC-01,30149,29.83,1.04,74579,False,False,True,False,False,True,AUTO,True,True,True,STARLINK,64,2026-05-11T20:08:26Z
3,RECINTO_01,GW-VALLE,PLC-01,40149,58.7,2.35,58699,False,False,True,False,False,True,AUTO,True,True,True,STARLINK,79,2026-05-11T20:08:26Z
1,RECINTO_01,GW-SAN,PLC-01,20150,57.68,2.88,288385,True,False,True,False,True,True,AUTO,True,True,True,STARLINK,51,2026-05-11T20:18:26Z
2,RECINTO_01,GW-LOS,PLC-01,30150,29.21,1.02,73017,False,False,True,False,False,True,AUTO,True,True,True,STARLINK,75,2026-05-11T20:18:26Z
3,RECINTO_01,GW-VALLE,PLC-01,40150,57.87,2.31,57872,False,False,True,False,False,True,AUTO,True,True,True,STARLINK,72,2026-05-11T20:18:26Z
1,RECINTO_01,GW-SAN,PLC-01,20151,58.78,2.94,293912,True,False,True,False,True,True,AUTO,True,True,True,STARLINK,78,2026-05-11T20:28:26Z
2,RECINTO_01,GW-LOS,PLC-01,30151,28.51,1.0,71283,False,False,True,False,False,True,AUTO,True,True,True,STARLINK,61,2026-05-11T20:28:26Z
3,RECINTO_01,GW-VALLE,PLC-01,40151,56.97,2.28,56970,False,False,True,False,False,True,AUTO,True,True,True,STARLINK,94,2026-05-11T20:28:26Z
1,RECINTO_01,GW-SAN,PLC-01,20152,60.05,3.0,300231,True,False,True,False,True,True,AUTO,True,True,True,STARLINK,76,2026-05-11T20:38:26Z
2,RECINTO_01,GW-LOS,PLC-01,30152,27.91,0.98,69774,False,False,True,False,False,True,AUTO,True,True,True,STARLINK,66,2026-05-11T20:38:26Z
3,RECINTO_01,GW-VALLE,PLC-01,40152,56.04,2.24,56035,False,False,True,False,False,True,AUTO,True,True,True,STARLINK,79,2026-05-11T20:38:26Z
1,RECINTO_01,GW-SAN,PLC-01,20153,61.15,3.06,305768,True,False,True,False,True,True,AUTO,True,True,True,STARLINK,80,2026-05-11T20:48:26Z
2,RECINTO_01,GW-LOS,PLC-01,30153,27.23,0.95,68083,False,False,True,False,False,True,AUTO,True,True,True,STARLINK,78,2026-05-11T20:48:26Z
3,RECINTO_01,GW-VALLE,PLC-01,40153,55.26,2.21,55264,False,False,True,False,False,True,AUTO,True,True,True,STARLINK,89,2026-05-11T20:48:26Z
1,RECINTO_01,GW-SAN,PLC-01,20154,62.27,3.11,311346,True,False,True,False,True,True,AUTO,True,True,True,STARLINK,60,2026-05-11T20:58:26Z
2,RECINTO_01,GW-LOS,PLC-01,30154,26.55,0.93,66375,False,False,True,False,False,True,AUTO,True,True,True,STARLINK,67,2026-05-11T20:58:26Z
3,RECINTO_01,GW-VALLE,PLC-01,40154,54.4,2.18,54398,False,False,True,False,False,True,AUTO,True,True,True,STARLINK,75,2026-05-11T20:58:26Z
1,RECINTO_01,GW-SAN,PLC-01,20155,63.45,3.17,317225,True,False,True,False,True,True,AUTO,True,True,True,STARLINK,48,2026-05-11T21:08:26Z
2,RECINTO_01,GW-LOS,PLC-01,30155,25.89,0.91,64735,False,False,True,False,False,True,AUTO,True,True,True,STARLINK,44,2026-05-11T21:08:26Z
3,RECINTO_01,GW-VALLE,PLC-01,40155,53.44,2.14,53436,False,False,True,False,False,True,AUTO,True,True,True,STARLINK,70,2026-05-11T21:08:26Z
1,RECINTO_01,GW-SAN,PLC-01,20156,64.59,3.23,322928,True,False,True,False,True,True,AUTO,True,True,True,STARLINK,53,2026-05-11T21:18:26Z
2,RECINTO_01,GW-LOS,PLC-01,30156,25.31,0.89,63276,False,False,True,False,False,True,AUTO,True,True,True,STARLINK,63,2026-05-11T21:18:26Z
3,RECINTO_01,GW-VALLE,PLC-01,40156,52.66,2.11,52660,False,False,True,False,False,True,AUTO,True,True,True,STARLINK,54,2026-05-11T21:18:26Z
1,RECINTO_01,GW-SAN,PLC-01,20157,65.8,3.29,328975,True,False,True,False,True,True,AUTO,True,True,True,STARLINK,64,2026-05-11T21:28:26Z
2,RECINTO_01,GW-LOS,PLC-01,30157,24.68,0.86,61692,False,False,True,False,False,True,AUTO,True,True,True,STARLINK,81,2026-05-11T21:28:26Z
3,RECINTO_01,GW-VALLE,PLC-01,40157,51.9,2.08,51898,False,False,True,False,False,True,AUTO,True,True,True,STARLINK,76,2026-05-11T21:28:26Z
1,RECINTO_01,GW-SAN,PLC-01,20158,67.0,3.35,335017,True,False,True,False,True,True,AUTO,True,True,True,STARLINK,86,2026-05-11T21:38:26Z
2,RECINTO_01,GW-LOS,PLC-01,30158,24.06,0.84,60140,False,False,True,False,False,True,AUTO,True,True,True,STARLINK,51,2026-05-11T21:38:26Z
3,RECINTO_01,GW-VALLE,PLC-01,40158,51.03,2.04,51031,False,False,True,False,False,True,AUTO,True,True,True,STARLINK,74,2026-05-11T21:38:26Z
1,RECINTO_01,GW-SAN,PLC-01,20159,68.18,3.41,340884,True,False,True,False,True,True,AUTO,True,True,True,STARLINK,61,2026-05-11T21:48:26Z
2,RECINTO_01,GW-LOS,PLC-01,30159,23.38,0.82,58448,False,False,True,False,False,True,AUTO,True,True,True,STARLINK,61,2026-05-11T21:48:26Z
3,RECINTO_01,GW-VALLE,PLC-01,40159,50.26,2.01,50260,False,False,True,False,False,True,AUTO,True,True,True,STARLINK,59,2026-05-11T21:48:26Z
1,RECINTO_01,GW-SAN,PLC-01,20160,69.28,3.46,346388,True,False,True,False,True,True,AUTO,True,True,True,STARLINK,57,2026-05-11T21:58:26Z
2,RECINTO_01,GW-LOS,PLC-01,30160,22.75,0.8,56877,False,False,True,False,False,True,AUTO,True,True,True,STARLINK,76,2026-05-11T21:58:26Z
3,RECINTO_01,GW-VALLE,PLC-01,40160,49.43,1.98,49434,False,False,True,False,False,True,AUTO,True,True,True,STARLINK,53,2026-05-11T21:58:26Z
1,RECINTO_01,GW-SAN,PLC-01,20161,70.55,3.53,352725,True,False,True,False,True,True,AUTO,True,True,True,STARLINK,83,2026-05-11T22:08:26Z
2,RECINTO_01,GW-LOS,PLC-01,30161,22.15,0.78,55384,False,False,True,False,False,True,AUTO,True,True,True,STARLINK,53,2026-05-11T22:08:26Z
3,RECINTO_01,GW-VALLE,PLC-01,40161,48.62,1.94,48616,False,False,True,False,False,True,AUTO,True,True,True,STARLINK,66,2026-05-11T22:08:26Z
1,RECINTO_01,GW-SAN,PLC-01,20162,71.84,3.59,359215,True,False,True,False,True,True,AUTO,True,True,True,STARLINK,50,2026-05-11T22:18:26Z
2,RECINTO_01,GW-LOS,PLC-01,30162,21.63,0.76,54071,False,False,True,False,False,True,AUTO,True,True,True,STARLINK,67,2026-05-11T22:18:26Z
3,RECINTO_01,GW-VALLE,PLC-01,40162,47.85,1.91,47851,False,False,True,False,False,True,AUTO,True,True,True,STARLINK,89,2026-05-11T22:18:26Z
1,RECINTO_01,GW-SAN,PLC-01,20163,73.1,3.65,365480,True,False,True,False,True,True,AUTO,True,True,True,STARLINK,63,2026-05-11T22:28:26Z
2,RECINTO_01,GW-LOS,PLC-01,30163,20.95,0.73,52377,False,False,True,False,False,True,AUTO,True,True,True,STARLINK,74,2026-05-11T22:28:26Z
3,RECINTO_01,GW-VALLE,PLC-01,40163,46.88,1.88,46877,False,False,True,False,False,True,AUTO,True,True,True,STARLINK,66,2026-05-11T22:28:26Z
1,RECINTO_01,GW-SAN,PLC-01,20164,74.33,3.72,371663,True,False,True,False,True,True,AUTO,True,True,True,STARLINK,62,2026-05-11T22:38:26Z
2,RECINTO_01,GW-LOS,PLC-01,30164,20.39,0.71,50972,False,False,True,False,False,True,AUTO,True,True,True,STARLINK,75,2026-05-11T22:38:26Z
3,RECINTO_01,GW-VALLE,PLC-01,40164,45.92,1.84,45919,False,False,True,False,False,True,AUTO,True,True,True,STARLINK,57,2026-05-11T22:38:26Z
1,RECINTO_01,GW-SAN,PLC-01,20165,75.51,3.78,377558,True,False,True,False,True,True,AUTO,True,True,True,STARLINK,52,2026-05-11T22:48:26Z
2,RECINTO_01,GW-LOS,PLC-01,30165,19.78,0.69,49449,True,False,True,False,True,True,AUTO,True,True,True,STARLINK,59,2026-05-11T22:48:26Z
3,RECINTO_01,GW-VALLE,PLC-01,40165,44.97,1.8,44971,False,False,True,False,False,True,AUTO,True,True,True,STARLINK,68,2026-05-11T22:48:26Z
1,RECINTO_01,GW-SAN,PLC-01,20166,76.78,3.84,383915,True,False,True,False,True,True,AUTO,True,True,True,STARLINK,54,2026-05-11T22:58:26Z
2,RECINTO_01,GW-LOS,PLC-01,30166,21.61,0.76,54028,True,False,True,False,True,True,AUTO,True,True,True,STARLINK,68,2026-05-11T22:58:26Z
3,RECINTO_01,GW-VALLE,PLC-01,40166,44.05,1.76,44046,False,False,True,False,False,True,AUTO,True,True,True,STARLINK,71,2026-05-11T22:58:26Z
1,RECINTO_01,GW-SAN,PLC-01,20167,77.98,3.9,389885,True,False,True,False,True,True,AUTO,True,True,True,STARLINK,93,2026-05-11T23:08:26Z
2,RECINTO_01,GW-LOS,PLC-01,30167,23.51,0.82,58766,True,False,True,False,True,True,AUTO,True,True,True,STARLINK,50,2026-05-11T23:08:26Z
3,RECINTO_01,GW-VALLE,PLC-01,40167,43.11,1.72,43110,False,False,True,False,False,True,AUTO,True,True,True,STARLINK,53,2026-05-11T23:08:26Z
1,RECINTO_01,GW-SAN,PLC-01,20168,79.09,3.95,395453,True,False,True,False,True,True,AUTO,True,True,True,STARLINK,38,2026-05-11T23:18:26Z
2,RECINTO_01,GW-LOS,PLC-01,30168,25.36,0.89,63395,True,False,True,False,True,True,AUTO,True,True,True,STARLINK,70,2026-05-11T23:18:26Z
3,RECINTO_01,GW-VALLE,PLC-01,40168,42.34,1.69,42342,False,False,True,False,False,True,AUTO,True,True,True,STARLINK,84,2026-05-11T23:18:26Z
1,RECINTO_01,GW-SAN,PLC-01,20169,80.39,4.02,401952,True,False,True,False,True,True,AUTO,True,True,True,STARLINK,60,2026-05-11T23:28:26Z
2,RECINTO_01,GW-LOS,PLC-01,30169,27.13,0.95,67817,True,False,True,False,True,True,AUTO,True,True,True,STARLINK,66,2026-05-11T23:28:26Z
3,RECINTO_01,GW-VALLE,PLC-01,40169,41.53,1.66,41533,False,False,True,False,False,True,AUTO,True,True,True,STARLINK,103,2026-05-11T23:28:26Z
1,RECINTO_01,GW-SAN,PLC-01,20170,81.53,4.08,407670,True,False,True,False,True,True,AUTO,True,True,True,STARLINK,61,2026-05-11T23:38:26Z
2,RECINTO_01,GW-LOS,PLC-01,30170,28.97,1.01,72413,True,False,True,False,True,True,AUTO,True,True,True,STARLINK,41,2026-05-11T23:38:26Z
3,RECINTO_01,GW-VALLE,PLC-01,40170,40.55,1.62,40545,False,False,True,False,False,True,AUTO,True,True,True,STARLINK,72,2026-05-11T23:38:26Z
1,RECINTO_01,GW-SAN,PLC-01,20171,82.72,4.14,413585,True,False,True,False,True,True,AUTO,True,True,True,STARLINK,55,2026-05-11T23:48:26Z
2,RECINTO_01,GW-LOS,PLC-01,30171,30.78,1.08,76938,True,False,True,False,True,True,AUTO,True,True,True,STARLINK,77,2026-05-11T23:48:26Z
3,RECINTO_01,GW-VALLE,PLC-01,40171,39.79,1.59,39793,False,False,True,False,False,True,AUTO,True,True,True,STARLINK,63,2026-05-11T23:48:26Z
1,RECINTO_01,GW-SAN,PLC-01,20172,83.98,4.2,419909,True,False,True,False,True,True,AUTO,True,True,True,STARLINK,68,2026-05-11T23:58:26Z
2,RECINTO_01,GW-LOS,PLC-01,30172,32.66,1.14,81649,True,False,True,False,True,True,AUTO,True,True,True,STARLINK,77,2026-05-11T23:58:26Z
3,RECINTO_01,GW-VALLE,PLC-01,40172,38.93,1.56,38931,False,False,True,False,False,True,AUTO,True,True,True,STARLINK,73,2026-05-11T23:58:26Z
1,RECINTO_01,GW-SAN,PLC-01,20173,85.25,4.26,426257,True,False,True,False,True,True,AUTO,True,True,True,STARLINK,47,2026-05-12T00:08:26Z
2,RECINTO_01,GW-LOS,PLC-01,30173,34.41,1.2,86015,True,False,True,False,True,True,AUTO,True,True,True,STARLINK,77,2026-05-12T00:08:26Z
3,RECINTO_01,GW-VALLE,PLC-01,40173,38.12,1.52,38123,False,False,True,False,False,True,AUTO,True,True,True,STARLINK,52,2026-05-12T00:08:26Z
1,RECINTO_01,GW-SAN,PLC-01,20174,86.42,4.32,432124,True,False,True,False,True,True,AUTO,True,True,True,STARLINK,52,2026-05-12T00:18:26Z
2,RECINTO_01,GW-LOS,PLC-01,30174,36.12,1.26,90293,True,False,True,False,True,True,AUTO,True,True,True,STARLINK,65,2026-05-12T00:18:26Z
3,RECINTO_01,GW-VALLE,PLC-01,40174,37.33,1.49,37329,False,False,True,False,False,True,AUTO,True,True,True,STARLINK,78,2026-05-12T00:18:26Z
1,RECINTO_01,GW-SAN,PLC-01,20175,87.6,4.38,438013,True,False,True,False,True,True,AUTO,True,True,True,STARLINK,66,2026-05-12T00:28:26Z
2,RECINTO_01,GW-LOS,PLC-01,30175,37.95,1.33,94881,True,False,True,False,True,True,AUTO,True,True,True,STARLINK,44,2026-05-12T00:28:26Z
3,RECINTO_01,GW-VALLE,PLC-01,40175,36.38,1.46,36378,False,False,True,False,False,True,AUTO,True,True,True,STARLINK,68,2026-05-12T00:28:26Z
1,RECINTO_01,GW-SAN,PLC-01,20176,88.74,4.44,443703,True,False,True,False,True,True,AUTO,True,True,True,STARLINK,56,2026-05-12T00:38:26Z
2,RECINTO_01,GW-LOS,PLC-01,30176,39.75,1.39,99377,True,False,True,False,True,True,AUTO,True,True,True,STARLINK,59,2026-05-12T00:38:26Z
3,RECINTO_01,GW-VALLE,PLC-01,40176,35.54,1.42,35540,False,False,True,False,False,True,AUTO,True,True,True,STARLINK,74,2026-05-12T00:38:26Z
1,RECINTO_01,GW-SAN,PLC-01,20177,89.88,4.49,449392,True,False,True,False,True,True,AUTO,True,True,True,STARLINK,95,2026-05-12T00:48:26Z
2,RECINTO_01,GW-LOS,PLC-01,30177,41.49,1.45,103721,True,False,True,False,True,True,AUTO,True,True,True,STARLINK,77,2026-05-12T00:48:26Z
3,RECINTO_01,GW-VALLE,PLC-01,40177,34.62,1.38,34623,False,False,True,False,False,True,AUTO,True,True,True,STARLINK,98,2026-05-12T00:48:26Z
1,RECINTO_01,GW-SAN,PLC-01,20178,91.13,4.56,455650,True,False,True,False,True,True,AUTO,True,True,True,STARLINK,95,2026-05-12T00:58:26Z
2,RECINTO_01,GW-LOS,PLC-01,30178,43.2,1.51,108007,True,False,True,False,True,True,AUTO,True,True,True,STARLINK,73,2026-05-12T00:58:26Z
3,RECINTO_01,GW-VALLE,PLC-01,40178,33.86,1.35,33862,False,False,True,False,False,True,AUTO,True,True,True,STARLINK,69,2026-05-12T00:58:26Z
1,RECINTO_01,GW-SAN,PLC-01,20179,92.35,4.62,461751,True,False,True,False,True,True,AUTO,True,True,True,STARLINK,69,2026-05-12T01:08:26Z
2,RECINTO_01,GW-LOS,PLC-01,30179,45.08,1.58,112689,True,False,True,False,True,True,AUTO,True,True,True,STARLINK,83,2026-05-12T01:08:26Z
3,RECINTO_01,GW-VALLE,PLC-01,40179,33.1,1.32,33097,False,False,True,False,False,True,AUTO,True,True,True,STARLINK,92,2026-05-12T01:08:26Z
1,RECINTO_01,GW-SAN,PLC-01,20180,93.49,4.67,467433,True,False,True,False,True,True,AUTO,True,True,True,STARLINK,66,2026-05-12T01:18:26Z
2,RECINTO_01,GW-LOS,PLC-01,30180,46.88,1.64,117209,True,False,True,False,True,True,AUTO,True,True,True,STARLINK,56,2026-05-12T01:18:26Z
3,RECINTO_01,GW-VALLE,PLC-01,40180,32.29,1.29,32294,False,False,True,False,False,True,AUTO,True,True,True,STARLINK,74,2026-05-12T01:18:26Z
1,RECINTO_01,GW-SAN,PLC-01,20181,94.74,4.74,473682,True,False,True,False,True,True,AUTO,True,True,True,STARLINK,66,2026-05-12T01:28:26Z
2,RECINTO_01,GW-LOS,PLC-01,30181,48.61,1.7,121522,True,False,True,False,True,True,AUTO,True,True,True,STARLINK,83,2026-05-12T01:28:26Z
3,RECINTO_01,GW-VALLE,PLC-01,40181,31.41,1.26,31405,False,False,True,False,False,True,AUTO,True,True,True,STARLINK,99,2026-05-12T01:28:26Z
1,RECINTO_01,GW-SAN,PLC-01,20182,96.0,4.8,479986,False,False,True,False,False,True,AUTO,True,True,True,STARLINK,74,2026-05-12T01:38:26Z
2,RECINTO_01,GW-LOS,PLC-01,30182,50.45,1.77,126118,True,False,True,False,True,True,AUTO,True,True,True,STARLINK,93,2026-05-12T01:38:26Z
3,RECINTO_01,GW-VALLE,PLC-01,40182,30.6,1.22,30598,False,False,True,False,False,True,AUTO,True,True,True,STARLINK,69,2026-05-12T01:38:26Z
1,RECINTO_01,GW-SAN,PLC-01,20183,95.73,4.79,478625,False,False,True,False,False,True,AUTO,True,True,True,STARLINK,78,2026-05-12T01:48:26Z
2,RECINTO_01,GW-LOS,PLC-01,30183,52.24,1.83,130590,True,False,True,False,True,True,AUTO,True,True,True,STARLINK,51,2026-05-12T01:48:26Z
3,RECINTO_01,GW-VALLE,PLC-01,40183,29.73,1.19,29733,False,False,True,False,False,True,AUTO,True,True,True,STARLINK,59,2026-05-12T01:48:26Z
1,RECINTO_01,GW-SAN,PLC-01,20184,95.38,4.77,476919,False,False,True,False,False,True,AUTO,True,True,True,STARLINK,66,2026-05-12T01:58:26Z
2,RECINTO_01,GW-LOS,PLC-01,30184,53.96,1.89,134891,True,False,True,False,True,True,AUTO,True,True,True,STARLINK,54,2026-05-12T01:58:26Z
3,RECINTO_01,GW-VALLE,PLC-01,40184,28.95,1.16,28954,False,False,True,False,False,True,AUTO,True,True,True,STARLINK,54,2026-05-12T01:58:26Z
1,RECINTO_01,GW-SAN,PLC-01,20185,95.09,4.75,475472,False,False,True,False,False,True,AUTO,True,True,True,STARLINK,61,2026-05-12T02:08:26Z
2,RECINTO_01,GW-LOS,PLC-01,30185,55.75,1.95,139379,True,False,True,False,True,True,AUTO,True,True,True,STARLINK,81,2026-05-12T02:08:26Z
3,RECINTO_01,GW-VALLE,PLC-01,40185,28.09,1.12,28093,False,False,True,False,False,True,AUTO,True,True,True,STARLINK,87,2026-05-12T02:08:26Z
1,RECINTO_01,GW-SAN,PLC-01,20186,94.74,4.74,473716,False,False,True,False,False,True,AUTO,True,True,True,STARLINK,70,2026-05-12T02:18:26Z
2,RECINTO_01,GW-LOS,PLC-01,30186,57.46,2.01,143652,True,False,True,False,True,True,AUTO,True,True,True,STARLINK,65,2026-05-12T02:18:26Z
3,RECINTO_01,GW-VALLE,PLC-01,40186,27.25,1.09,27249,False,False,True,False,False,True,AUTO,True,True,True,STARLINK,56,2026-05-12T02:18:26Z
1,RECINTO_01,GW-SAN,PLC-01,20187,94.34,4.72,471699,False,False,True,False,False,True,AUTO,True,True,True,STARLINK,67,2026-05-12T02:28:26Z
2,RECINTO_01,GW-LOS,PLC-01,30187,59.2,2.07,147993,True,False,True,False,True,True,AUTO,True,True,True,STARLINK,80,2026-05-12T02:28:26Z
3,RECINTO_01,GW-VALLE,PLC-01,40187,26.27,1.05,26268,False,False,True,False,False,True,AUTO,True,True,True,STARLINK,69,2026-05-12T02:28:26Z
1,RECINTO_01,GW-SAN,PLC-01,20188,94.01,4.7,470058,False,False,True,False,False,True,AUTO,True,True,True,STARLINK,61,2026-05-12T02:38:26Z
2,RECINTO_01,GW-LOS,PLC-01,30188,61.02,2.14,152539,True,False,True,False,True,True,AUTO,True,True,True,STARLINK,67,2026-05-12T02:38:26Z
3,RECINTO_01,GW-VALLE,PLC-01,40188,25.45,1.02,25450,False,False,True,False,False,True,AUTO,True,True,True,STARLINK,86,2026-05-12T02:38:26Z
1,RECINTO_01,GW-SAN,PLC-01,20189,93.71,4.69,468537,False,False,True,False,False,True,AUTO,True,True,True,STARLINK,41,2026-05-12T02:48:26Z
2,RECINTO_01,GW-LOS,PLC-01,30189,62.82,2.2,157058,True,False,True,False,True,True,AUTO,True,True,True,STARLINK,58,2026-05-12T02:48:26Z
3,RECINTO_01,GW-VALLE,PLC-01,40189,24.65,0.99,24646,False,False,True,False,False,True,AUTO,True,True,True,STARLINK,49,2026-05-12T02:48:26Z
1,RECINTO_01,GW-SAN,PLC-01,20190,93.3,4.66,466491,False,False,True,False,False,True,AUTO,True,True,True,STARLINK,49,2026-05-12T02:58:26Z
2,RECINTO_01,GW-LOS,PLC-01,30190,64.65,2.26,161635,True,False,True,False,True,True,AUTO,True,True,True,STARLINK,74,2026-05-12T02:58:26Z
3,RECINTO_01,GW-VALLE,PLC-01,40190,23.7,0.95,23700,False,False,True,False,False,True,AUTO,True,True,True,STARLINK,65,2026-05-12T02:58:26Z
1,RECINTO_01,GW-SAN,PLC-01,20191,92.93,4.65,464643,False,False,True,False,False,True,AUTO,True,True,True,STARLINK,82,2026-05-12T03:08:26Z
2,RECINTO_01,GW-LOS,PLC-01,30191,66.39,2.32,165963,True,False,True,False,True,True,AUTO,True,True,True,STARLINK,88,2026-05-12T03:08:26Z
3,RECINTO_01,GW-VALLE,PLC-01,40191,22.95,0.92,22948,False,False,True,False,False,True,AUTO,True,True,True,STARLINK,87,2026-05-12T03:08:26Z
1,RECINTO_01,GW-SAN,PLC-01,20192,92.52,4.63,462613,False,False,True,False,False,True,AUTO,True,True,True,STARLINK,77,2026-05-12T03:18:26Z
2,RECINTO_01,GW-LOS,PLC-01,30192,68.1,2.38,170261,True,False,True,False,True,True,AUTO,True,True,True,STARLINK,84,2026-05-12T03:18:26Z
3,RECINTO_01,GW-VALLE,PLC-01,40192,22.2,0.89,22196,False,False,True,False,False,True,AUTO,True,True,True,STARLINK,99,2026-05-12T03:18:26Z
1,RECINTO_01,GW-SAN,PLC-01,20193,92.13,4.61,460667,False,False,True,False,False,True,AUTO,True,True,True,STARLINK,64,2026-05-12T03:28:26Z
2,RECINTO_01,GW-LOS,PLC-01,30193,69.93,2.45,174817,True,False,True,False,True,True,AUTO,True,True,True,STARLINK,56,2026-05-12T03:28:26Z
3,RECINTO_01,GW-VALLE,PLC-01,40193,21.34,0.85,21337,False,False,True,False,False,True,AUTO,True,True,True,STARLINK,68,2026-05-12T03:28:26Z
1,RECINTO_01,GW-SAN,PLC-01,20194,91.7,4.59,458510,False,False,True,False,False,True,AUTO,True,True,True,STARLINK,91,2026-05-12T03:38:26Z
2,RECINTO_01,GW-LOS,PLC-01,30194,71.71,2.51,179273,True,False,True,False,True,True,AUTO,True,True,True,STARLINK,78,2026-05-12T03:38:26Z
3,RECINTO_01,GW-VALLE,PLC-01,40194,20.5,0.82,20503,False,False,True,False,False,True,AUTO,True,True,True,STARLINK,64,2026-05-12T03:38:26Z
1,RECINTO_01,GW-SAN,PLC-01,20195,91.26,4.56,456312,False,False,True,False,False,True,AUTO,True,True,True,STARLINK,102,2026-05-12T03:48:26Z
2,RECINTO_01,GW-LOS,PLC-01,30195,73.41,2.57,183533,True,False,True,False,True,True,AUTO,True,True,True,STARLINK,46,2026-05-12T03:48:26Z
3,RECINTO_01,GW-VALLE,PLC-01,40195,19.73,0.79,19727,True,False,True,False,True,True,AUTO,True,True,True,STARLINK,64,2026-05-12T03:48:26Z
1,RECINTO_01,GW-SAN,PLC-01,20196,90.77,4.54,453865,False,False,True,False,False,True,AUTO,True,True,True,STARLINK,57,2026-05-12T03:58:26Z
2,RECINTO_01,GW-LOS,PLC-01,30196,75.25,2.63,188125,True,False,True,False,True,True,AUTO,True,True,True,STARLINK,53,2026-05-12T03:58:26Z
3,RECINTO_01,GW-VALLE,PLC-01,40196,22.28,0.89,22279,True,False,True,False,True,True,AUTO,True,True,True,STARLINK,102,2026-05-12T03:58:26Z
1,RECINTO_01,GW-SAN,PLC-01,20197,90.37,4.52,451848,False,False,True,False,False,True,AUTO,True,True,True,STARLINK,40,2026-05-12T04:08:26Z
2,RECINTO_01,GW-LOS,PLC-01,30197,77.02,2.7,192538,True,False,True,False,True,True,AUTO,True,True,True,STARLINK,61,2026-05-12T04:08:26Z
3,RECINTO_01,GW-VALLE,PLC-01,40197,24.84,0.99,24835,True,False,True,False,True,True,AUTO,True,True,True,STARLINK,83,2026-05-12T04:08:26Z
1,RECINTO_01,GW-SAN,PLC-01,20198,90.11,4.51,450549,False,False,True,False,False,True,AUTO,True,True,True,STARLINK,79,2026-05-12T04:18:26Z
2,RECINTO_01,GW-LOS,PLC-01,30198,78.83,2.76,197067,True,False,True,False,True,True,AUTO,True,True,True,STARLINK,74,2026-05-12T04:18:26Z
3,RECINTO_01,GW-VALLE,PLC-01,40198,27.32,1.09,27318,True,False,True,False,True,True,AUTO,True,True,True,STARLINK,68,2026-05-12T04:18:26Z
1,RECINTO_01,GW-SAN,PLC-01,20199,89.79,4.49,448960,False,False,True,False,False,True,AUTO,True,True,True,STARLINK,37,2026-05-12T04:28:26Z
2,RECINTO_01,GW-LOS,PLC-01,30199,80.55,2.82,201369,True,False,True,False,True,True,AUTO,True,True,True,STARLINK,79,2026-05-12T04:28:26Z
3,RECINTO_01,GW-VALLE,PLC-01,40199,29.9,1.2,29898,True,False,True,False,True,True,AUTO,True,True,True,STARLINK,61,2026-05-12T04:28:26Z
1,RECINTO_01,GW-SAN,PLC-01,20200,89.5,4.48,447518,False,False,True,False,False,True,AUTO,True,True,True,STARLINK,66,2026-05-12T04:38:26Z
2,RECINTO_01,GW-LOS,PLC-01,30200,82.28,2.88,205709,True,False,True,False,True,True,AUTO,True,True,True,STARLINK,66,2026-05-12T04:38:26Z
3,RECINTO_01,GW-VALLE,PLC-01,40200,32.46,1.3,32462,True,False,True,False,True,True,AUTO,True,True,True,STARLINK,53,2026-05-12T04:38:26Z
1,RECINTO_01,GW-SAN,PLC-01,20201,89.02,4.45,445096,False,False,True,False,False,True,AUTO,True,True,True,STARLINK,78,2026-05-12T04:48:26Z
2,RECINTO_01,GW-LOS,PLC-01,30201,84.18,2.95,210441,True,False,True,False,True,True,AUTO,True,True,True,STARLINK,78,2026-05-12T04:48:26Z
3,RECINTO_01,GW-VALLE,PLC-01,40201,35.0,1.4,35003,True,False,True,False,True,True,AUTO,True,True,True,STARLINK,76,2026-05-12T04:48:26Z
1,RECINTO_01,GW-SAN,PLC-01,20202,88.58,4.43,442907,False,False,True,False,False,True,AUTO,True,True,True,STARLINK,77,2026-05-12T04:58:26Z
2,RECINTO_01,GW-LOS,PLC-01,30202,85.92,3.01,214806,True,False,True,False,True,True,AUTO,True,True,True,STARLINK,78,2026-05-12T04:58:26Z
3,RECINTO_01,GW-VALLE,PLC-01,40202,37.49,1.5,37485,True,False,True,False,True,True,AUTO,True,True,True,STARLINK,39,2026-05-12T04:58:26Z
1,RECINTO_01,GW-SAN,PLC-01,20203,88.2,4.41,440995,False,False,True,False,False,True,AUTO,True,True,True,STARLINK,44,2026-05-12T05:08:26Z
2,RECINTO_01,GW-LOS,PLC-01,30203,87.76,3.07,219393,True,False,True,False,True,True,AUTO,True,True,True,STARLINK,73,2026-05-12T05:08:26Z
3,RECINTO_01,GW-VALLE,PLC-01,40203,39.99,1.6,39986,True,False,True,False,True,True,AUTO,True,True,True,STARLINK,71,2026-05-12T05:08:26Z
1,RECINTO_01,GW-SAN,PLC-01,20204,87.94,4.4,439683,False,False,True,False,False,True,AUTO,True,True,True,STARLINK,42,2026-05-12T05:18:26Z
2,RECINTO_01,GW-LOS,PLC-01,30204,89.56,3.13,223890,True,False,True,False,True,True,AUTO,True,True,True,STARLINK,70,2026-05-12T05:18:26Z
3,RECINTO_01,GW-VALLE,PLC-01,40204,42.39,1.7,42387,True,False,True,False,True,True,AUTO,True,True,True,STARLINK,73,2026-05-12T05:18:26Z
1,RECINTO_01,GW-SAN,PLC-01,20205,87.56,4.38,437796,False,False,True,False,False,True,AUTO,True,True,True,STARLINK,72,2026-05-12T05:28:26Z
2,RECINTO_01,GW-LOS,PLC-01,30205,91.26,3.19,228159,True,False,True,False,True,True,AUTO,True,True,True,STARLINK,70,2026-05-12T05:28:26Z
3,RECINTO_01,GW-VALLE,PLC-01,40205,44.91,1.8,44911,True,False,True,False,True,True,AUTO,True,True,True,STARLINK,63,2026-05-12T05:28:26Z
1,RECINTO_01,GW-SAN,PLC-01,20206,87.12,4.36,435619,False,False,True,False,False,True,AUTO,True,True,True,STARLINK,65,2026-05-12T05:38:26Z
2,RECINTO_01,GW-LOS,PLC-01,30206,93.07,3.26,232668,True,False,True,False,True,True,AUTO,True,True,True,STARLINK,58,2026-05-12T05:38:26Z
3,RECINTO_01,GW-VALLE,PLC-01,40206,47.32,1.89,47319,True,False,True,False,True,True,AUTO,True,True,True,STARLINK,64,2026-05-12T05:38:26Z
1,RECINTO_01,GW-SAN,PLC-01,20207,86.77,4.34,433859,False,False,True,False,False,True,AUTO,True,True,True,STARLINK,57,2026-05-12T05:48:26Z
2,RECINTO_01,GW-LOS,PLC-01,30207,94.89,3.32,237220,True,False,True,False,True,True,AUTO,True,True,True,STARLINK,43,2026-05-12T05:48:26Z
3,RECINTO_01,GW-VALLE,PLC-01,40207,49.75,1.99,49747,True,False,True,False,True,True,AUTO,True,True,True,STARLINK,96,2026-05-12T05:48:26Z
1,RECINTO_01,GW-SAN,PLC-01,20208,86.48,4.32,432415,False,False,True,False,False,True,AUTO,True,True,True,STARLINK,45,2026-05-12T05:58:26Z
2,RECINTO_01,GW-LOS,PLC-01,30208,96.75,3.39,241876,False,False,True,False,False,True,AUTO,True,True,True,STARLINK,46,2026-05-12T05:58:26Z
3,RECINTO_01,GW-VALLE,PLC-01,40208,52.15,2.09,52154,True,False,True,False,True,True,AUTO,True,True,True,STARLINK,93,2026-05-12T05:58:26Z
1,RECINTO_01,GW-SAN,PLC-01,20209,86.02,4.3,430098,False,False,True,False,False,True,AUTO,True,True,True,STARLINK,85,2026-05-12T06:08:26Z
2,RECINTO_01,GW-LOS,PLC-01,30209,96.22,3.37,240561,False,False,True,False,False,True,AUTO,True,True,True,STARLINK,96,2026-05-12T06:08:26Z
3,RECINTO_01,GW-VALLE,PLC-01,40209,54.57,2.18,54572,True,False,True,False,True,True,AUTO,True,True,True,STARLINK,83,2026-05-12T06:08:26Z
1,RECINTO_01,GW-SAN,PLC-01,20210,85.76,4.29,428775,False,False,True,False,False,True,AUTO,True,True,True,STARLINK,77,2026-05-12T06:18:26Z
2,RECINTO_01,GW-LOS,PLC-01,30210,95.62,3.35,239060,False,False,True,False,False,True,AUTO,True,True,True,STARLINK,85,2026-05-12T06:18:26Z
3,RECINTO_01,GW-VALLE,PLC-01,40210,57.08,2.28,57080,True,False,True,False,True,True,AUTO,True,True,True,STARLINK,82,2026-05-12T06:18:26Z
1,RECINTO_01,GW-SAN,PLC-01,20211,85.37,4.27,426866,False,False,True,False,False,True,AUTO,True,True,True,STARLINK,58,2026-05-12T06:28:26Z
2,RECINTO_01,GW-LOS,PLC-01,30211,94.97,3.32,237414,False,False,True,False,False,True,AUTO,True,True,True,STARLINK,78,2026-05-12T06:28:26Z
3,RECINTO_01,GW-VALLE,PLC-01,40211,59.49,2.38,59485,True,False,True,False,True,True,AUTO,True,True,True,STARLINK,68,2026-05-12T06:28:26Z
1,RECINTO_01,GW-SAN,PLC-01,20212,84.9,4.24,424498,False,False,True,False,False,True,AUTO,True,True,True,STARLINK,66,2026-05-12T06:38:26Z
2,RECINTO_01,GW-LOS,PLC-01,30212,94.38,3.3,235949,False,False,True,False,False,True,AUTO,True,True,True,STARLINK,39,2026-05-12T06:38:26Z
3,RECINTO_01,GW-VALLE,PLC-01,40212,62.04,2.48,62042,True,False,True,False,True,True,AUTO,True,True,True,STARLINK,56,2026-05-12T06:38:26Z
1,RECINTO_01,GW-SAN,PLC-01,20213,84.55,4.23,422764,False,False,True,False,False,True,AUTO,True,True,True,STARLINK,72,2026-05-12T06:48:26Z
2,RECINTO_01,GW-LOS,PLC-01,30213,93.92,3.29,234798,False,False,True,False,False,True,AUTO,True,True,True,STARLINK,74,2026-05-12T06:48:26Z
3,RECINTO_01,GW-VALLE,PLC-01,40213,64.62,2.58,64615,True,False,True,False,True,True,AUTO,True,True,True,STARLINK,92,2026-05-12T06:48:26Z
1,RECINTO_01,GW-SAN,PLC-01,20214,84.15,4.21,420730,False,False,True,False,False,True,AUTO,True,True,True,STARLINK,66,2026-05-12T06:58:26Z
2,RECINTO_01,GW-LOS,PLC-01,30214,93.35,3.27,233370,False,False,True,False,False,True,AUTO,True,True,True,STARLINK,85,2026-05-12T06:58:26Z
3,RECINTO_01,GW-VALLE,PLC-01,40214,67.11,2.68,67110,True,False,True,False,True,True,AUTO,True,True,True,STARLINK,59,2026-05-12T06:58:26Z
1,RECINTO_01,GW-SAN,PLC-01,20215,83.78,4.19,418875,False,False,True,False,False,True,AUTO,True,True,True,STARLINK,73,2026-05-12T07:08:26Z
2,RECINTO_01,GW-LOS,PLC-01,30215,92.89,3.25,232220,False,False,True,False,False,True,AUTO,True,True,True,STARLINK,64,2026-05-12T07:08:26Z
3,RECINTO_01,GW-VALLE,PLC-01,40215,69.67,2.79,69667,True,False,True,False,True,True,AUTO,True,True,True,STARLINK,66,2026-05-12T07:08:26Z
1,RECINTO_01,GW-SAN,PLC-01,20216,83.41,4.17,417033,False,False,True,False,False,True,AUTO,True,True,True,STARLINK,51,2026-05-12T07:18:26Z
2,RECINTO_01,GW-LOS,PLC-01,30216,92.42,3.23,231039,False,False,True,False,False,True,AUTO,True,True,True,STARLINK,78,2026-05-12T07:18:26Z
3,RECINTO_01,GW-VALLE,PLC-01,40216,72.19,2.89,72186,True,False,True,False,True,True,AUTO,True,True,True,STARLINK,81,2026-05-12T07:18:26Z
1,RECINTO_01,GW-SAN,PLC-01,20217,83.04,4.15,415208,False,False,True,False,False,True,AUTO,True,True,True,STARLINK,76,2026-05-12T07:28:26Z
2,RECINTO_01,GW-LOS,PLC-01,30217,91.85,3.21,229615,False,False,True,False,False,True,AUTO,True,True,True,STARLINK,81,2026-05-12T07:28:26Z
3,RECINTO_01,GW-VALLE,PLC-01,40217,74.63,2.99,74626,True,False,True,False,True,True,AUTO,True,True,True,STARLINK,57,2026-05-12T07:28:26Z
1,RECINTO_01,GW-SAN,PLC-01,20218,82.59,4.13,412940,False,False,True,False,False,True,AUTO,True,True,True,STARLINK,56,2026-05-12T07:38:26Z
2,RECINTO_01,GW-LOS,PLC-01,30218,91.18,3.19,227959,False,False,True,False,False,True,AUTO,True,True,True,STARLINK,84,2026-05-12T07:38:26Z
3,RECINTO_01,GW-VALLE,PLC-01,40218,77.04,3.08,77037,True,False,True,False,True,True,AUTO,True,True,True,STARLINK,80,2026-05-12T07:38:26Z
1,RECINTO_01,GW-SAN,PLC-01,20219,82.18,4.11,410875,False,False,True,False,False,True,AUTO,True,True,True,STARLINK,70,2026-05-12T07:48:26Z
2,RECINTO_01,GW-LOS,PLC-01,30219,90.53,3.17,226315,False,False,True,False,False,True,AUTO,True,True,True,STARLINK,73,2026-05-12T07:48:26Z
3,RECINTO_01,GW-VALLE,PLC-01,40219,79.58,3.18,79582,True,False,True,False,True,True,AUTO,True,True,True,STARLINK,58,2026-05-12T07:48:26Z
1,RECINTO_01,GW-SAN,PLC-01,20220,81.69,4.08,408443,False,False,True,False,False,True,AUTO,True,True,True,STARLINK,99,2026-05-12T07:58:26Z
2,RECINTO_01,GW-LOS,PLC-01,30220,89.88,3.15,224691,False,False,True,False,False,True,AUTO,True,True,True,STARLINK,67,2026-05-12T07:58:26Z
3,RECINTO_01,GW-VALLE,PLC-01,40220,82.1,3.28,82098,True,False,True,False,True,True,AUTO,True,True,True,STARLINK,65,2026-05-12T07:58:26Z
1,RECINTO_01,GW-SAN,PLC-01,20221,81.42,4.07,407115,False,False,True,False,False,True,AUTO,True,True,True,STARLINK,81,2026-05-12T08:08:26Z
2,RECINTO_01,GW-LOS,PLC-01,30221,89.19,3.12,222972,False,False,True,False,False,True,AUTO,True,True,True,STARLINK,66,2026-05-12T08:08:26Z
3,RECINTO_01,GW-VALLE,PLC-01,40221,84.51,3.38,84514,True,False,True,False,True,True,AUTO,True,True,True,STARLINK,64,2026-05-12T08:08:26Z
1,RECINTO_01,GW-SAN,PLC-01,20222,81.06,4.05,405311,False,False,True,False,False,True,AUTO,True,True,True,STARLINK,78,2026-05-12T08:18:26Z
2,RECINTO_01,GW-LOS,PLC-01,30222,88.63,3.1,221577,False,False,True,False,False,True,AUTO,True,True,True,STARLINK,68,2026-05-12T08:18:26Z
3,RECINTO_01,GW-VALLE,PLC-01,40222,86.98,3.48,86979,True,False,True,False,True,True,AUTO,True,True,True,STARLINK,66,2026-05-12T08:18:26Z
1,RECINTO_01,GW-SAN,PLC-01,20223,80.62,4.03,403113,False,False,True,False,False,True,AUTO,True,True,True,STARLINK,94,2026-05-12T08:28:26Z
2,RECINTO_01,GW-LOS,PLC-01,30223,88.17,3.09,220428,False,False,True,False,False,True,AUTO,True,True,True,STARLINK,64,2026-05-12T08:28:26Z
3,RECINTO_01,GW-VALLE,PLC-01,40223,89.39,3.58,89387,True,False,True,False,True,True,AUTO,True,True,True,STARLINK,74,2026-05-12T08:28:26Z
1,RECINTO_01,GW-SAN,PLC-01,20224,80.19,4.01,400957,False,False,True,False,False,True,AUTO,True,True,True,STARLINK,47,2026-05-12T08:38:26Z
2,RECINTO_01,GW-LOS,PLC-01,30224,87.52,3.06,218802,False,False,True,False,False,True,AUTO,True,True,True,STARLINK,58,2026-05-12T08:38:26Z
3,RECINTO_01,GW-VALLE,PLC-01,40224,91.9,3.68,91900,True,False,True,False,True,True,AUTO,True,True,True,STARLINK,73,2026-05-12T08:38:26Z
1,RECINTO_01,GW-SAN,PLC-01,20225,79.82,3.99,399096,False,False,True,False,False,True,AUTO,True,True,True,STARLINK,62,2026-05-12T08:48:26Z
2,RECINTO_01,GW-LOS,PLC-01,30225,86.87,3.04,217173,False,False,True,False,False,True,AUTO,True,True,True,STARLINK,55,2026-05-12T08:48:26Z
3,RECINTO_01,GW-VALLE,PLC-01,40225,94.39,3.78,94393,True,False,True,False,True,True,AUTO,True,True,True,STARLINK,56,2026-05-12T08:48:26Z
1,RECINTO_01,GW-SAN,PLC-01,20226,79.56,3.98,397806,False,False,True,False,False,True,AUTO,True,True,True,STARLINK,51,2026-05-12T08:58:26Z
2,RECINTO_01,GW-LOS,PLC-01,30226,86.34,3.02,215848,False,False,True,False,False,True,AUTO,True,True,True,STARLINK,59,2026-05-12T08:58:26Z
3,RECINTO_01,GW-VALLE,PLC-01,40226,96.82,3.87,96816,False,False,True,False,False,True,AUTO,True,True,True,STARLINK,57,2026-05-12T08:58:26Z
1,RECINTO_01,GW-SAN,PLC-01,20227,79.14,3.96,395710,False,False,True,False,False,True,AUTO,True,True,True,STARLINK,83,2026-05-12T09:08:26Z
2,RECINTO_01,GW-LOS,PLC-01,30227,85.68,3.0,214195,False,False,True,False,False,True,AUTO,True,True,True,STARLINK,59,2026-05-12T09:08:26Z
3,RECINTO_01,GW-VALLE,PLC-01,40227,96.03,3.84,96032,False,False,True,False,False,True,AUTO,True,True,True,STARLINK,68,2026-05-12T09:08:26Z
1,RECINTO_01,GW-SAN,PLC-01,20228,78.76,3.94,393820,False,False,True,False,False,True,AUTO,True,True,True,STARLINK,76,2026-05-12T09:18:26Z
2,RECINTO_01,GW-LOS,PLC-01,30228,85.22,2.98,213044,False,False,True,False,False,True,AUTO,True,True,True,STARLINK,55,2026-05-12T09:18:26Z
3,RECINTO_01,GW-VALLE,PLC-01,40228,95.11,3.8,95107,False,False,True,False,False,True,AUTO,True,True,True,STARLINK,82,2026-05-12T09:18:26Z
1,RECINTO_01,GW-SAN,PLC-01,20229,78.39,3.92,391927,False,False,True,False,False,True,AUTO,True,True,True,STARLINK,75,2026-05-12T09:28:26Z
2,RECINTO_01,GW-LOS,PLC-01,30229,84.69,2.96,211720,False,False,True,False,False,True,AUTO,True,True,True,STARLINK,72,2026-05-12T09:28:26Z
3,RECINTO_01,GW-VALLE,PLC-01,40229,94.15,3.77,94154,False,False,True,False,False,True,AUTO,True,True,True,STARLINK,62,2026-05-12T09:28:26Z
1,RECINTO_01,GW-SAN,PLC-01,20230,77.94,3.9,389711,False,False,True,False,False,True,AUTO,True,True,True,STARLINK,69,2026-05-12T09:38:26Z
2,RECINTO_01,GW-LOS,PLC-01,30230,84.14,2.95,210361,False,False,True,False,False,True,AUTO,True,True,True,STARLINK,58,2026-05-12T09:38:26Z
3,RECINTO_01,GW-VALLE,PLC-01,40230,93.21,3.73,93208,False,False,True,False,False,True,AUTO,True,True,True,STARLINK,63,2026-05-12T09:38:26Z
1,RECINTO_01,GW-SAN,PLC-01,20231,77.46,3.87,387318,False,False,True,False,False,True,AUTO,True,True,True,STARLINK,76,2026-05-12T09:48:26Z
2,RECINTO_01,GW-LOS,PLC-01,30231,83.62,2.93,209060,False,False,True,False,False,True,AUTO,True,True,True,STARLINK,69,2026-05-12T09:48:26Z
3,RECINTO_01,GW-VALLE,PLC-01,40231,92.28,3.69,92277,False,False,True,False,False,True,AUTO,True,True,True,STARLINK,36,2026-05-12T09:48:26Z
1,RECINTO_01,GW-SAN,PLC-01,20232,77.01,3.85,385046,False,False,True,False,False,True,AUTO,True,True,True,STARLINK,60,2026-05-12T09:58:26Z
2,RECINTO_01,GW-LOS,PLC-01,30232,83.13,2.91,207830,False,False,True,False,False,True,AUTO,True,True,True,STARLINK,86,2026-05-12T09:58:26Z
3,RECINTO_01,GW-VALLE,PLC-01,40232,91.35,3.65,91353,False,False,True,False,False,True,AUTO,True,True,True,STARLINK,61,2026-05-12T09:58:26Z
1,RECINTO_01,GW-SAN,PLC-01,20233,76.69,3.83,383439,False,False,True,False,False,True,AUTO,True,True,True,STARLINK,84,2026-05-12T10:08:26Z
2,RECINTO_01,GW-LOS,PLC-01,30233,82.64,2.89,206592,False,False,True,False,False,True,AUTO,True,True,True,STARLINK,88,2026-05-12T10:08:26Z
3,RECINTO_01,GW-VALLE,PLC-01,40233,90.45,3.62,90448,False,False,True,False,False,True,AUTO,True,True,True,STARLINK,72,2026-05-12T10:08:26Z
1,RECINTO_01,GW-SAN,PLC-01,20234,76.27,3.81,381345,False,False,True,False,False,True,AUTO,True,True,True,STARLINK,59,2026-05-12T10:18:26Z
2,RECINTO_01,GW-LOS,PLC-01,30234,81.94,2.87,204860,False,False,True,False,False,True,AUTO,True,True,True,STARLINK,58,2026-05-12T10:18:26Z
3,RECINTO_01,GW-VALLE,PLC-01,40234,89.57,3.58,89572,False,False,True,False,False,True,AUTO,True,True,True,STARLINK,34,2026-05-12T10:18:26Z
1,RECINTO_01,GW-SAN,PLC-01,20235,75.78,3.79,378916,False,False,True,False,False,True,AUTO,True,True,True,STARLINK,84,2026-05-12T10:28:26Z
2,RECINTO_01,GW-LOS,PLC-01,30235,81.3,2.85,203238,False,False,True,False,False,True,AUTO,True,True,True,STARLINK,104,2026-05-12T10:28:26Z
3,RECINTO_01,GW-VALLE,PLC-01,40235,88.59,3.54,88588,False,False,True,False,False,True,AUTO,True,True,True,STARLINK,76,2026-05-12T10:28:26Z
1,RECINTO_01,GW-SAN,PLC-01,20236,75.37,3.77,376854,False,False,True,False,False,True,AUTO,True,True,True,STARLINK,44,2026-05-12T10:38:26Z
2,RECINTO_01,GW-LOS,PLC-01,30236,80.65,2.82,201635,False,False,True,False,False,True,AUTO,True,True,True,STARLINK,85,2026-05-12T10:38:26Z
3,RECINTO_01,GW-VALLE,PLC-01,40236,87.8,3.51,87801,False,False,True,False,False,True,AUTO,True,True,True,STARLINK,60,2026-05-12T10:38:26Z
1,RECINTO_01,GW-SAN,PLC-01,20237,75.11,3.76,375552,False,False,True,False,False,True,AUTO,True,True,True,STARLINK,62,2026-05-12T10:48:26Z
2,RECINTO_01,GW-LOS,PLC-01,30237,80.1,2.8,200256,False,False,True,False,False,True,AUTO,True,True,True,STARLINK,74,2026-05-12T10:48:26Z
3,RECINTO_01,GW-VALLE,PLC-01,40237,86.99,3.48,86991,False,False,True,False,False,True,AUTO,True,True,True,STARLINK,72,2026-05-12T10:48:26Z
1,RECINTO_01,GW-SAN,PLC-01,20238,74.82,3.74,374120,False,False,True,False,False,True,AUTO,True,True,True,STARLINK,56,2026-05-12T10:58:26Z
2,RECINTO_01,GW-LOS,PLC-01,30238,79.52,2.78,198804,False,False,True,False,False,True,AUTO,True,True,True,STARLINK,59,2026-05-12T10:58:26Z
3,RECINTO_01,GW-VALLE,PLC-01,40238,86.11,3.44,86110,False,False,True,False,False,True,AUTO,True,True,True,STARLINK,53,2026-05-12T10:58:26Z
1,RECINTO_01,GW-SAN,PLC-01,20239,74.34,3.72,371696,False,False,True,False,False,True,AUTO,True,True,True,STARLINK,65,2026-05-12T11:08:26Z
2,RECINTO_01,GW-LOS,PLC-01,30239,79.04,2.77,197605,False,False,True,False,False,True,AUTO,True,True,True,STARLINK,91,2026-05-12T11:08:26Z
3,RECINTO_01,GW-VALLE,PLC-01,40239,85.34,3.41,85343,False,False,True,False,False,True,AUTO,True,True,True,STARLINK,61,2026-05-12T11:08:26Z
1,RECINTO_01,GW-SAN,PLC-01,20240,73.91,3.7,369535,False,False,True,False,False,True,AUTO,True,True,True,STARLINK,91,2026-05-12T11:18:26Z
2,RECINTO_01,GW-LOS,PLC-01,30240,78.52,2.75,196300,False,False,True,False,False,True,AUTO,True,True,True,STARLINK,78,2026-05-12T11:18:26Z
3,RECINTO_01,GW-VALLE,PLC-01,40240,84.52,3.38,84522,False,False,True,False,False,True,AUTO,True,True,True,STARLINK,72,2026-05-12T11:18:26Z
1,RECINTO_01,GW-SAN,PLC-01,20241,73.63,3.68,368171,False,False,True,False,False,True,AUTO,True,True,True,STARLINK,64,2026-05-12T11:28:26Z
2,RECINTO_01,GW-LOS,PLC-01,30241,77.91,2.73,194786,False,False,True,False,False,True,AUTO,True,True,True,STARLINK,78,2026-05-12T11:28:26Z
3,RECINTO_01,GW-VALLE,PLC-01,40241,83.73,3.35,83729,False,False,True,False,False,True,AUTO,True,True,True,STARLINK,90,2026-05-12T11:28:26Z
1,RECINTO_01,GW-SAN,PLC-01,20242,73.25,3.66,366249,False,False,True,False,False,True,AUTO,True,True,True,STARLINK,60,2026-05-12T11:38:26Z
2,RECINTO_01,GW-LOS,PLC-01,30242,77.44,2.71,193598,False,False,True,False,False,True,AUTO,True,True,True,STARLINK,84,2026-05-12T11:38:26Z
3,RECINTO_01,GW-VALLE,PLC-01,40242,82.75,3.31,82748,False,False,True,False,False,True,AUTO,True,True,True,STARLINK,81,2026-05-12T11:38:26Z
1,RECINTO_01,GW-SAN,PLC-01,20243,72.87,3.64,364350,False,False,True,False,False,True,AUTO,True,True,True,STARLINK,68,2026-05-12T11:48:26Z
2,RECINTO_01,GW-LOS,PLC-01,30243,76.97,2.69,192418,False,False,True,False,False,True,AUTO,True,True,True,STARLINK,59,2026-05-12T11:48:26Z
3,RECINTO_01,GW-VALLE,PLC-01,40243,81.84,3.27,81837,False,False,True,False,False,True,AUTO,True,True,True,STARLINK,90,2026-05-12T11:48:26Z
1,RECINTO_01,GW-SAN,PLC-01,20244,72.39,3.62,361933,False,False,True,False,False,True,AUTO,True,True,True,STARLINK,50,2026-05-12T11:58:26Z
2,RECINTO_01,GW-LOS,PLC-01,30244,76.3,2.67,190760,False,False,True,False,False,True,AUTO,True,True,True,STARLINK,51,2026-05-12T11:58:26Z
3,RECINTO_01,GW-VALLE,PLC-01,40244,81.0,3.24,80998,False,False,True,False,False,True,AUTO,True,True,True,STARLINK,45,2026-05-12T11:58:26Z
1,RECINTO_01,GW-SAN,PLC-01,20245,71.98,3.6,359915,False,False,True,False,False,True,AUTO,True,True,True,STARLINK,110,2026-05-12T12:08:26Z
2,RECINTO_01,GW-LOS,PLC-01,30245,75.66,2.65,189143,False,False,True,False,False,True,AUTO,True,True,True,STARLINK,78,2026-05-12T12:08:26Z
3,RECINTO_01,GW-VALLE,PLC-01,40245,80.23,3.21,80231,False,False,True,False,False,True,AUTO,True,True,True,STARLINK,75,2026-05-12T12:08:26Z
1,RECINTO_01,GW-SAN,PLC-01,20246,71.55,3.58,357761,False,False,True,False,False,True,AUTO,True,True,True,STARLINK,86,2026-05-12T12:18:26Z
2,RECINTO_01,GW-LOS,PLC-01,30246,75.1,2.63,187739,False,False,True,False,False,True,AUTO,True,True,True,STARLINK,81,2026-05-12T12:18:26Z
3,RECINTO_01,GW-VALLE,PLC-01,40246,79.38,3.18,79382,False,False,True,False,False,True,AUTO,True,True,True,STARLINK,89,2026-05-12T12:18:26Z
1,RECINTO_01,GW-SAN,PLC-01,20247,71.1,3.55,355486,False,False,True,False,False,True,AUTO,True,True,True,STARLINK,73,2026-05-12T12:28:26Z
2,RECINTO_01,GW-LOS,PLC-01,30247,74.59,2.61,186470,False,False,True,False,False,True,AUTO,True,True,True,STARLINK,70,2026-05-12T12:28:26Z
3,RECINTO_01,GW-VALLE,PLC-01,40247,78.46,3.14,78455,False,False,True,False,False,True,AUTO,True,True,True,STARLINK,62,2026-05-12T12:28:26Z
1,RECINTO_01,GW-SAN,PLC-01,20248,70.74,3.54,353712,False,False,True,False,False,True,AUTO,True,True,True,STARLINK,70,2026-05-12T12:38:26Z
2,RECINTO_01,GW-LOS,PLC-01,30248,74.13,2.59,185333,False,False,True,False,False,True,AUTO,True,True,True,STARLINK,97,2026-05-12T12:38:26Z
3,RECINTO_01,GW-VALLE,PLC-01,40248,77.65,3.11,77648,False,False,True,False,False,True,AUTO,True,True,True,STARLINK,59,2026-05-12T12:38:26Z
1,RECINTO_01,GW-SAN,PLC-01,20249,70.45,3.52,352253,False,False,True,False,False,True,AUTO,True,True,True,STARLINK,50,2026-05-12T12:48:26Z
2,RECINTO_01,GW-LOS,PLC-01,30249,73.67,2.58,184185,False,False,True,False,False,True,AUTO,True,True,True,STARLINK,62,2026-05-12T12:48:26Z
3,RECINTO_01,GW-VALLE,PLC-01,40249,76.75,3.07,76745,False,False,True,False,False,True,AUTO,True,True,True,STARLINK,76,2026-05-12T12:48:26Z
1,RECINTO_01,GW-SAN,PLC-01,20250,70.05,3.5,350262,False,False,True,False,False,True,AUTO,True,True,True,STARLINK,84,2026-05-12T12:58:26Z
2,RECINTO_01,GW-LOS,PLC-01,30250,73.11,2.56,182780,False,False,True,False,False,True,AUTO,True,True,True,STARLINK,76,2026-05-12T12:58:26Z
3,RECINTO_01,GW-VALLE,PLC-01,40250,75.84,3.03,75835,False,False,True,False,False,True,AUTO,True,True,True,STARLINK,94,2026-05-12T12:58:26Z
1,RECINTO_01,GW-SAN,PLC-01,20251,69.74,3.49,348715,False,False,True,False,False,True,AUTO,True,True,True,STARLINK,80,2026-05-12T13:08:26Z
2,RECINTO_01,GW-LOS,PLC-01,30251,72.44,2.54,181106,False,False,True,False,False,True,AUTO,True,True,True,STARLINK,51,2026-05-12T13:08:26Z
3,RECINTO_01,GW-VALLE,PLC-01,40251,74.92,3.0,74915,False,False,True,False,False,True,AUTO,True,True,True,STARLINK,83,2026-05-12T13:08:26Z
1,RECINTO_01,GW-SAN,PLC-01,20252,69.37,3.47,346829,False,False,True,False,False,True,AUTO,True,True,True,STARLINK,64,2026-05-12T13:18:26Z
2,RECINTO_01,GW-LOS,PLC-01,30252,71.97,2.52,179914,False,False,True,False,False,True,AUTO,True,True,True,STARLINK,102,2026-05-12T13:18:26Z
3,RECINTO_01,GW-VALLE,PLC-01,40252,74.02,2.96,74016,False,False,True,False,False,True,AUTO,True,True,True,STARLINK,68,2026-05-12T13:18:26Z
1,RECINTO_01,GW-SAN,PLC-01,20253,69.02,3.45,345120,False,False,True,False,False,True,AUTO,True,True,True,STARLINK,79,2026-05-12T13:28:26Z
2,RECINTO_01,GW-LOS,PLC-01,30253,71.33,2.5,178326,False,False,True,False,False,True,AUTO,True,True,True,STARLINK,59,2026-05-12T13:28:26Z
3,RECINTO_01,GW-VALLE,PLC-01,40253,73.26,2.93,73257,False,False,True,False,False,True,AUTO,True,True,True,STARLINK,88,2026-05-12T13:28:26Z
1,RECINTO_01,GW-SAN,PLC-01,20254,68.65,3.43,343252,False,False,True,False,False,True,AUTO,True,True,True,STARLINK,74,2026-05-12T13:38:26Z
2,RECINTO_01,GW-LOS,PLC-01,30254,70.88,2.48,177192,False,False,True,False,False,True,AUTO,True,True,True,STARLINK,54,2026-05-12T13:38:26Z
3,RECINTO_01,GW-VALLE,PLC-01,40254,72.27,2.89,72269,False,False,True,False,False,True,AUTO,True,True,True,STARLINK,44,2026-05-12T13:38:26Z
1,RECINTO_01,GW-SAN,PLC-01,20255,68.27,3.41,341347,False,False,True,False,False,True,AUTO,True,True,True,STARLINK,85,2026-05-12T13:48:26Z
2,RECINTO_01,GW-LOS,PLC-01,30255,70.3,2.46,175745,False,False,True,False,False,True,AUTO,True,True,True,STARLINK,86,2026-05-12T13:48:26Z
3,RECINTO_01,GW-VALLE,PLC-01,40255,71.32,2.85,71321,False,False,True,False,False,True,AUTO,True,True,True,STARLINK,58,2026-05-12T13:48:26Z
1,RECINTO_01,GW-SAN,PLC-01,20256,67.87,3.39,339336,False,False,True,False,False,True,AUTO,True,True,True,STARLINK,53,2026-05-12T13:58:26Z
2,RECINTO_01,GW-LOS,PLC-01,30256,69.8,2.44,174492,False,False,True,False,False,True,AUTO,True,True,True,STARLINK,82,2026-05-12T13:58:26Z
3,RECINTO_01,GW-VALLE,PLC-01,40256,70.42,2.82,70424,False,False,True,False,False,True,AUTO,True,True,True,STARLINK,68,2026-05-12T13:58:26Z
1,RECINTO_01,GW-SAN,PLC-01,20257,67.52,3.38,337581,False,False,True,False,False,True,AUTO,True,True,True,STARLINK,79,2026-05-12T14:08:26Z
2,RECINTO_01,GW-LOS,PLC-01,30257,69.28,2.42,173199,False,False,True,False,False,True,AUTO,True,True,True,STARLINK,79,2026-05-12T14:08:26Z
3,RECINTO_01,GW-VALLE,PLC-01,40257,69.49,2.78,69486,False,False,True,False,False,True,AUTO,True,True,True,STARLINK,92,2026-05-12T14:08:26Z
1,RECINTO_01,GW-SAN,PLC-01,20258,67.2,3.36,336014,False,False,True,False,False,True,AUTO,True,True,True,STARLINK,68,2026-05-12T14:18:26Z
2,RECINTO_01,GW-LOS,PLC-01,30258,68.59,2.4,171482,False,False,True,False,False,True,AUTO,True,True,True,STARLINK,76,2026-05-12T14:18:26Z
3,RECINTO_01,GW-VALLE,PLC-01,40258,68.73,2.75,68729,False,False,True,False,False,True,AUTO,True,True,True,STARLINK,47,2026-05-12T14:18:26Z
1,RECINTO_01,GW-SAN,PLC-01,20259,66.92,3.35,334596,False,False,True,False,False,True,AUTO,True,True,True,STARLINK,81,2026-05-12T14:28:26Z
2,RECINTO_01,GW-LOS,PLC-01,30259,68.08,2.38,170197,False,False,True,False,False,True,AUTO,True,True,True,STARLINK,63,2026-05-12T14:28:26Z
3,RECINTO_01,GW-VALLE,PLC-01,40259,67.92,2.72,67921,False,False,True,False,False,True,AUTO,True,True,True,STARLINK,80,2026-05-12T14:28:26Z
1,RECINTO_01,GW-SAN,PLC-01,20260,66.63,3.33,333127,False,False,True,False,False,True,AUTO,True,True,True,STARLINK,67,2026-05-12T14:38:26Z
2,RECINTO_01,GW-LOS,PLC-01,30260,67.38,2.36,168450,False,False,True,False,False,True,AUTO,True,True,True,STARLINK,60,2026-05-12T14:38:26Z
3,RECINTO_01,GW-VALLE,PLC-01,40260,66.98,2.68,66982,False,False,True,False,False,True,AUTO,True,True,True,STARLINK,67,2026-05-12T14:38:26Z
1,RECINTO_01,GW-SAN,PLC-01,20261,66.19,3.31,330938,False,False,True,False,False,True,AUTO,True,True,True,STARLINK,70,2026-05-12T14:48:26Z
2,RECINTO_01,GW-LOS,PLC-01,30261,66.86,2.34,167150,False,False,True,False,False,True,AUTO,True,True,True,STARLINK,60,2026-05-12T14:48:26Z
3,RECINTO_01,GW-VALLE,PLC-01,40261,66.01,2.64,66011,False,False,True,False,False,True,AUTO,True,True,True,STARLINK,87,2026-05-12T14:48:26Z
1,RECINTO_01,GW-SAN,PLC-01,20262,65.9,3.29,329490,False,False,True,False,False,True,AUTO,True,True,True,STARLINK,55,2026-05-12T14:58:26Z
2,RECINTO_01,GW-LOS,PLC-01,30262,66.34,2.32,165840,False,False,True,False,False,True,AUTO,True,True,True,STARLINK,70,2026-05-12T14:58:26Z
3,RECINTO_01,GW-VALLE,PLC-01,40262,65.14,2.61,65142,False,False,True,False,False,True,AUTO,True,True,True,STARLINK,75,2026-05-12T14:58:26Z
1,RECINTO_01,GW-SAN,PLC-01,20263,65.51,3.28,327542,False,False,True,False,False,True,AUTO,True,True,True,STARLINK,62,2026-05-12T15:08:26Z
2,RECINTO_01,GW-LOS,PLC-01,30263,65.86,2.31,164644,False,False,True,False,False,True,AUTO,True,True,True,STARLINK,70,2026-05-12T15:08:26Z
3,RECINTO_01,GW-VALLE,PLC-01,40263,64.22,2.57,64215,False,False,True,False,False,True,AUTO,True,True,True,STARLINK,83,2026-05-12T15:08:26Z
1,RECINTO_01,GW-SAN,PLC-01,20264,65.24,3.26,326214,False,False,True,False,False,True,AUTO,True,True,True,STARLINK,62,2026-05-12T15:18:26Z
2,RECINTO_01,GW-LOS,PLC-01,30264,65.18,2.28,162945,False,False,True,False,False,True,AUTO,True,True,True,STARLINK,60,2026-05-12T15:18:26Z
3,RECINTO_01,GW-VALLE,PLC-01,40264,63.36,2.53,63361,False,False,True,False,False,True,AUTO,True,True,True,STARLINK,45,2026-05-12T15:18:26Z
1,RECINTO_01,GW-SAN,PLC-01,20265,64.9,3.25,324507,False,False,True,False,False,True,AUTO,True,True,True,STARLINK,93,2026-05-12T15:28:26Z
2,RECINTO_01,GW-LOS,PLC-01,30265,64.67,2.26,161684,False,False,True,False,False,True,AUTO,True,True,True,STARLINK,40,2026-05-12T15:28:26Z
3,RECINTO_01,GW-VALLE,PLC-01,40265,62.38,2.5,62383,False,False,True,False,False,True,AUTO,True,True,True,STARLINK,101,2026-05-12T15:28:26Z
1,RECINTO_01,GW-SAN,PLC-01,20266,64.53,3.23,322665,False,False,True,False,False,True,AUTO,True,True,True,STARLINK,98,2026-05-12T15:38:26Z
2,RECINTO_01,GW-LOS,PLC-01,30266,64.07,2.24,160175,False,False,True,False,False,True,AUTO,True,True,True,STARLINK,26,2026-05-12T15:38:26Z
3,RECINTO_01,GW-VALLE,PLC-01,40266,61.63,2.47,61625,False,False,True,False,False,True,AUTO,True,True,True,STARLINK,46,2026-05-12T15:38:26Z
1,RECINTO_01,GW-SAN,PLC-01,20267,64.13,3.21,320669,False,False,True,False,False,True,AUTO,True,True,True,STARLINK,86,2026-05-12T15:48:26Z
2,RECINTO_01,GW-LOS,PLC-01,30267,63.5,2.22,158758,False,False,True,False,False,True,AUTO,True,True,True,STARLINK,74,2026-05-12T15:48:26Z
3,RECINTO_01,GW-VALLE,PLC-01,40267,60.65,2.43,60645,False,False,True,False,False,True,AUTO,True,True,True,STARLINK,31,2026-05-12T15:48:26Z
1,RECINTO_01,GW-SAN,PLC-01,20268,63.69,3.18,318452,False,False,True,False,False,True,AUTO,True,True,True,STARLINK,82,2026-05-12T15:58:26Z
2,RECINTO_01,GW-LOS,PLC-01,30268,62.83,2.2,157067,False,False,True,False,False,True,AUTO,True,True,True,STARLINK,41,2026-05-12T15:58:26Z
3,RECINTO_01,GW-VALLE,PLC-01,40268,59.87,2.39,59865,False,False,True,False,False,True,AUTO,True,True,True,STARLINK,63,2026-05-12T15:58:26Z
1,RECINTO_01,GW-SAN,PLC-01,20269,63.24,3.16,316212,False,False,True,False,False,True,AUTO,True,True,True,STARLINK,49,2026-05-12T16:08:26Z
2,RECINTO_01,GW-LOS,PLC-01,30269,62.3,2.18,155754,False,False,True,False,False,True,AUTO,True,True,True,STARLINK,77,2026-05-12T16:08:26Z
3,RECINTO_01,GW-VALLE,PLC-01,40269,58.91,2.36,58914,False,False,True,False,False,True,AUTO,True,True,True,STARLINK,51,2026-05-12T16:08:26Z
1,RECINTO_01,GW-SAN,PLC-01,20270,62.83,3.14,314153,False,False,True,False,False,True,AUTO,True,True,True,STARLINK,63,2026-05-12T16:18:26Z
2,RECINTO_01,GW-LOS,PLC-01,30270,61.7,2.16,154248,False,False,True,False,False,True,AUTO,True,True,True,STARLINK,63,2026-05-12T16:18:26Z
3,RECINTO_01,GW-VALLE,PLC-01,40270,57.99,2.32,57985,False,False,True,False,False,True,AUTO,True,True,True,STARLINK,74,2026-05-12T16:18:26Z
1,RECINTO_01,GW-SAN,PLC-01,20271,62.54,3.13,312700,False,False,True,False,False,True,AUTO,True,True,True,STARLINK,60,2026-05-12T16:28:26Z
2,RECINTO_01,GW-LOS,PLC-01,30271,61.16,2.14,152903,False,False,True,False,False,True,AUTO,True,True,True,STARLINK,39,2026-05-12T16:28:26Z
3,RECINTO_01,GW-VALLE,PLC-01,40271,57.04,2.28,57037,False,False,True,False,False,True,AUTO,True,True,True,STARLINK,84,2026-05-12T16:28:26Z
1,RECINTO_01,GW-SAN,PLC-01,20272,62.05,3.1,310258,False,False,True,False,False,True,AUTO,True,True,True,STARLINK,66,2026-05-12T16:38:26Z
2,RECINTO_01,GW-LOS,PLC-01,30272,60.61,2.12,151535,False,False,True,False,False,True,AUTO,True,True,True,STARLINK,82,2026-05-12T16:38:26Z
3,RECINTO_01,GW-VALLE,PLC-01,40272,56.13,2.25,56131,False,False,True,False,False,True,AUTO,True,True,True,STARLINK,70,2026-05-12T16:38:26Z
1,RECINTO_01,GW-SAN,PLC-01,20273,61.76,3.09,308787,False,False,True,False,False,True,AUTO,True,True,True,STARLINK,81,2026-05-12T16:48:26Z
2,RECINTO_01,GW-LOS,PLC-01,30273,59.93,2.1,149820,False,False,True,False,False,True,AUTO,True,True,True,STARLINK,42,2026-05-12T16:48:26Z
3,RECINTO_01,GW-VALLE,PLC-01,40273,55.16,2.21,55160,False,False,True,False,False,True,AUTO,True,True,True,STARLINK,76,2026-05-12T16:48:26Z
1,RECINTO_01,GW-SAN,PLC-01,20274,61.28,3.06,306389,False,False,True,False,False,True,AUTO,True,True,True,STARLINK,77,2026-05-12T16:58:26Z
2,RECINTO_01,GW-LOS,PLC-01,30274,59.34,2.08,148343,False,False,True,False,False,True,AUTO,True,True,True,STARLINK,88,2026-05-12T16:58:26Z
3,RECINTO_01,GW-VALLE,PLC-01,40274,54.24,2.17,54235,False,False,True,False,False,True,AUTO,True,True,True,STARLINK,82,2026-05-12T16:58:26Z
1,RECINTO_01,GW-SAN,PLC-01,20275,60.97,3.05,304834,False,False,True,False,False,True,AUTO,True,True,True,STARLINK,46,2026-05-12T17:08:26Z
2,RECINTO_01,GW-LOS,PLC-01,30275,58.84,2.06,147100,False,False,True,False,False,True,AUTO,True,True,True,STARLINK,72,2026-05-12T17:08:26Z
3,RECINTO_01,GW-VALLE,PLC-01,40275,53.4,2.14,53404,False,False,True,False,False,True,AUTO,True,True,True,STARLINK,74,2026-05-12T17:08:26Z
1,RECINTO_01,GW-SAN,PLC-01,20276,60.68,3.03,303386,False,False,True,False,False,True,AUTO,True,True,True,STARLINK,81,2026-05-12T17:18:26Z
2,RECINTO_01,GW-LOS,PLC-01,30276,58.36,2.04,145892,False,False,True,False,False,True,AUTO,True,True,True,STARLINK,65,2026-05-12T17:18:26Z
3,RECINTO_01,GW-VALLE,PLC-01,40276,52.47,2.1,52474,False,False,True,False,False,True,AUTO,True,True,True,STARLINK,45,2026-05-12T17:18:26Z
1,RECINTO_01,GW-SAN,PLC-01,20277,60.22,3.01,301114,False,False,True,False,False,True,AUTO,True,True,True,STARLINK,55,2026-05-12T17:28:26Z
2,RECINTO_01,GW-LOS,PLC-01,30277,57.88,2.03,144696,False,False,True,False,False,True,AUTO,True,True,True,STARLINK,91,2026-05-12T17:28:26Z
3,RECINTO_01,GW-VALLE,PLC-01,40277,51.55,2.06,51547,False,False,True,False,False,True,AUTO,True,True,True,STARLINK,82,2026-05-12T17:28:26Z
1,RECINTO_01,GW-SAN,PLC-01,20278,59.91,3.0,299533,False,False,True,False,False,True,AUTO,True,True,True,STARLINK,57,2026-05-12T17:38:26Z
2,RECINTO_01,GW-LOS,PLC-01,30278,57.22,2.0,143052,False,False,True,False,False,True,AUTO,True,True,True,STARLINK,96,2026-05-12T17:38:26Z
3,RECINTO_01,GW-VALLE,PLC-01,40278,50.62,2.02,50621,False,False,True,False,False,True,AUTO,True,True,True,STARLINK,75,2026-05-12T17:38:26Z
1,RECINTO_01,GW-SAN,PLC-01,20279,59.52,2.98,297599,False,False,True,False,False,True,AUTO,True,True,True,STARLINK,66,2026-05-12T17:48:26Z
2,RECINTO_01,GW-LOS,PLC-01,30279,56.54,1.98,141340,False,False,True,False,False,True,AUTO,True,True,True,STARLINK,74,2026-05-12T17:48:26Z
3,RECINTO_01,GW-VALLE,PLC-01,40279,49.86,1.99,49859,False,False,True,False,False,True,AUTO,True,True,True,STARLINK,73,2026-05-12T17:48:26Z
1,RECINTO_01,GW-SAN,PLC-01,20280,59.21,2.96,296058,False,False,True,False,False,True,AUTO,True,True,True,STARLINK,68,2026-05-12T17:58:26Z
2,RECINTO_01,GW-LOS,PLC-01,30280,55.99,1.96,139980,False,False,True,False,False,True,AUTO,True,True,True,STARLINK,58,2026-05-12T17:58:26Z
3,RECINTO_01,GW-VALLE,PLC-01,40280,49.06,1.96,49064,False,False,True,False,False,True,AUTO,True,True,True,STARLINK,89,2026-05-12T17:58:26Z
1,RECINTO_01,GW-SAN,PLC-01,20281,58.83,2.94,294147,False,False,True,False,False,True,AUTO,True,True,True,STARLINK,91,2026-05-12T18:08:26Z
2,RECINTO_01,GW-LOS,PLC-01,30281,55.32,1.94,138306,False,False,True,False,False,True,AUTO,True,True,True,STARLINK,60,2026-05-12T18:08:26Z
3,RECINTO_01,GW-VALLE,PLC-01,40281,48.25,1.93,48250,False,False,True,False,False,True,AUTO,True,True,True,STARLINK,48,2026-05-12T18:08:26Z
1,RECINTO_01,GW-SAN,PLC-01,20282,58.37,2.92,291870,False,False,True,False,False,True,AUTO,True,True,True,STARLINK,70,2026-05-12T18:18:26Z
2,RECINTO_01,GW-LOS,PLC-01,30282,54.71,1.91,136764,False,False,True,False,False,True,AUTO,True,True,True,STARLINK,86,2026-05-12T18:18:26Z
3,RECINTO_01,GW-VALLE,PLC-01,40282,47.28,1.89,47284,False,False,True,False,False,True,AUTO,True,True,True,STARLINK,88,2026-05-12T18:18:26Z
1,RECINTO_01,GW-SAN,PLC-01,20283,58.12,2.91,290576,False,False,True,False,False,True,AUTO,True,True,True,STARLINK,72,2026-05-12T18:28:26Z
2,RECINTO_01,GW-LOS,PLC-01,30283,54.16,1.9,135397,False,False,True,False,False,True,AUTO,True,True,True,STARLINK,83,2026-05-12T18:28:26Z
3,RECINTO_01,GW-VALLE,PLC-01,40283,46.35,1.85,46345,False,False,True,False,False,True,AUTO,True,True,True,STARLINK,72,2026-05-12T18:28:26Z
1,RECINTO_01,GW-SAN,PLC-01,20284,57.62,2.88,288096,False,False,True,False,False,True,AUTO,True,True,True,STARLINK,78,2026-05-12T18:38:26Z
2,RECINTO_01,GW-LOS,PLC-01,30284,53.48,1.87,133703,False,False,True,False,False,True,AUTO,True,True,True,STARLINK,61,2026-05-12T18:38:26Z
3,RECINTO_01,GW-VALLE,PLC-01,40284,45.41,1.82,45405,False,False,True,False,False,True,AUTO,True,True,True,STARLINK,76,2026-05-12T18:38:26Z
1,RECINTO_01,GW-SAN,PLC-01,20285,57.18,2.86,285877,False,False,True,False,False,True,AUTO,True,True,True,STARLINK,63,2026-05-12T18:48:26Z
2,RECINTO_01,GW-LOS,PLC-01,30285,52.78,1.85,131957,False,False,True,False,False,True,AUTO,True,True,True,STARLINK,52,2026-05-12T18:48:26Z
3,RECINTO_01,GW-VALLE,PLC-01,40285,44.46,1.78,44462,False,False,True,False,False,True,AUTO,True,True,True,STARLINK,76,2026-05-12T18:48:26Z
1,RECINTO_01,GW-SAN,PLC-01,20286,56.91,2.85,284554,False,False,True,False,False,True,AUTO,True,True,True,STARLINK,72,2026-05-12T18:58:26Z
2,RECINTO_01,GW-LOS,PLC-01,30286,52.1,1.82,130238,False,False,True,False,False,True,AUTO,True,True,True,STARLINK,89,2026-05-12T18:58:26Z
3,RECINTO_01,GW-VALLE,PLC-01,40286,43.47,1.74,43466,False,False,True,False,False,True,AUTO,True,True,True,STARLINK,71,2026-05-12T18:58:26Z
1,RECINTO_01,GW-SAN,PLC-01,20287,56.45,2.82,282228,False,False,True,False,False,True,AUTO,True,True,True,STARLINK,61,2026-05-12T19:08:26Z
2,RECINTO_01,GW-LOS,PLC-01,30287,51.6,1.81,129005,False,False,True,False,False,True,AUTO,True,True,True,STARLINK,67,2026-05-12T19:08:26Z
3,RECINTO_01,GW-VALLE,PLC-01,40287,42.47,1.7,42470,False,False,True,False,False,True,AUTO,True,True,True,STARLINK,80,2026-05-12T19:08:26Z
